in_degree_group_B,out_degree_group_B
3,12
0,15
7,16
0,0
0,26
3,0
0,123
1,0
3,64
1,2
0,13
1,0
0,1
1,0
78,36
84,2
12,19
1,0
0,0
14,40
3,49
8,0
1,0
4,0
4,0
0,29
1,41
1,0
3,0
0,2
26,10
0,4
2,0
1,10
7,0
15,0
0,40
0,3
141,0
0,1
1,0
3,0
7,40
100,0
2,133
0,28
2,0
4,1
0,3
0,18
0,15
2,77
2,0
2,0
3,5
2,0
0,1
0,2
3,0
1,4
1,4
43,0
1,0
0,35
0,28
2,0
1,0
21,0
1,0
2,0
6,0
7,0
0,1
7,0
1,0
1,0
0,28
1,12
1,0
8,0
12,3
2,0
4,0
1,0
0,0
11,55
9,0
5,0
1,0
0,16
0,2
0,3
3,0
194,1
3,13
12,0
1,0
0,16
5,0
3,0
11,0
2,0
0,10
0,1
2,0
4,0
1,0
1,0
0,1
65,2
4,0
68,0
9,3
0,1
82,19
0,58
4,0
1,0
1,0
1,7
0,0
21,0
84,119
3,0
0,6
4,3
27,0
0,19
0,59
0,10
1,26
2,0
10,4
6,1
0,1
0,0
1,2
20,96
0,6
1,0
6,0
11,5
1,0
0,96
1,0
39,83
1,0
1,0
0,2
5,0
1,0
38,7
5,2
7,11
3,0
0,7
100,0
4,0
1,0
1,0
3,85
2,0
0,4
3,0
3,39
1,0
0,6
0,1
4,0
4,116
0,5
2,0
0,1
1,23
0,57
2,6
1,12
4,0
0,2
1,0
0,67
3,0
0,4
1,0
1,0
2,0
2,0
0,0
0,6
2,0
0,2
1,0
1,0
23,0
23,0
5,0
0,3
3,0
4,0
3,3
0,4
9,59
1,0
8,79
14,0
16,0
0,10
5,0
1,0
1,0
0,3
0,44
0,68
4,0
3,142
5,3
3,6
1,0
1,0
1,0
0,4
8,45
10,15
1,0
5,99
6,0
4,0
0,6
1,36
9,0
4,61
1,0
0,2
4,0
1,0
7,0
1,1
1,48
0,1
0,10
0,17
0,3
0,16
0,39
0,51
51,0
2,0
5,0
4,66
9,0
0,140
7,70
19,0
0,6
27,0
2,14
0,82
3,0
0,0
3,2
2,0
5,241
4,0
1,0
19,5
21,0
5,0
94,45
7,3
0,3
5,0
56,0
5,144
0,5
0,16
0,11
357,82
6,0
0,57
14,19
0,25
0,3
14,0
0,7
0,102
0,19
3,38
7,0
2,0
0,0
7,0
1,0
0,2
1,26
16,42
1,0
2,0
6,0
26,0
3,0
0,0
8,0
0,2
1,0
2,0
1,0
7,1
2,0
6,0
6,6
0,5
1,0
1,0
1,13
0,20
2,0
1,0
0,0
0,2
11,0
3,0
2,0
99,0
18,0
0,4
1,0
50,7
8,12
1,0
2,0
3,0
0,100
1,0
0,4
83,0
0,5
2,0
1,88
29,0
0,20
2,66
30,0
0,2
3,38
3,0
2,0
66,7
1,0
2,0
1,0
0,13
1,0
0,1
1,0
27,0
0,7
61,0
2,0
15,0
1,0
2,1
27,87
1,3
3,0
0,1
1,5
3,5
0,4
3,57
0,12
1,0
3,0
33,112
11,6
7,8
0,1
1,0
1,0
1,0
1,0
57,0
1,0
1,12
13,27
3,0
0,14
1,26
0,4
3,0
1,0
4,20
3,0
182,11
5,0
1,23
13,19
11,0
0,67
0,1
0,1
0,29
2,0
471,18
2,0
44,15
0,2
4,0
1,0
0,3
2,0
0,6
1,0
0,2
0,155
21,5
2,0
43,0
1,0
17,0
17,0
1,0
0,18
1,0
9,0
0,0
0,0
1,0
7,0
0,2
7,0
10,47
1,65
25,11
0,8
0,1
0,0
434,1
3,0
1,0
1,0
0,6
2,0
5,12
0,6
1,0
0,7
89,30
0,9
0,0
2,0
1,0
1,0
1,0
0,126
3,0
1,0
1,0
3,0
1,0
3,7
1,0
0,1
0,19
15,3
1,0
2,4
0,2
2,0
0,1
0,2
17,69
3,7
4,61
5,0
3,9
2,0
2,0
1,0
19,0
0,10
0,2
36,0
0,1
1,2
6,0
5,0
5,103
0,60
2,0
0,2
2,0
1,0
1,0
1,0
7,0
3,0
0,21
27,0
1,0
19,59
13,0
3,0
160,8
2,0
3,0
9,0
2,0
12,88
5,0
0,5
4,23
2,0
1,0
0,41
46,136
15,0
4,0
3,0
0,47
1,11
28,0
3,17
0,3
1,0
20,1
0,2
2,0
26,0
1,0
0,1
0,66
1,17
0,14
21,9
1,0
19,0
3,5
37,70
100,0
1,7
3,12
2,0
3,0
1,0
9,0
2,0
1,0
3,0
0,22
5,0
2,0
4,18
9,27
0,15
0,10
2,0
0,0
2,0
1,90
1,145
0,0
1,0
1,0
23,10
2,1
4,0
1,5
2,149
7,0
10,0
2,0
1,0
1,0
3,14
7,0
0,1
117,0
2,2
1,0
1,1
0,2
11,0
0,3
1,5
1,0
3,0
1,0
4,0
0,28
5,0
0,8
0,0
5,41
0,1
20,205
0,14
0,25
5,0
10,0
0,4
1,51
2,0
0,2
0,6
4,13
7,90
0,1
0,19
1,0
1,0
1,0
0,6
5,0
0,66
4,0
1,0
6,0
0,24
1,0
1,0
1,0
0,6
118,0
18,0
13,74
1,5
0,7
25,0
5,0
9,0
2,0
16,9
0,0
12,1
27,124
0,0
20,0
11,0
4,122
1,0
0,1
0,0
0,1
2,0
0,5
0,4
8,0
0,19
0,2
0,2
1,6
12,3
0,3
2,0
4,0
381,0
2,0
0,8
1,0
16,0
1,0
0,5
1,0
1,3
0,13
1,0
0,11
0,89
1,0
1,0
9,0
1,1
15,0
1,1
1,0
0,0
1,0
0,1
0,16
0,16
2,0
0,2
32,31
19,0
0,30
9,6
0,5
1,0
0,8
1,0
0,46
27,1
0,0
4,160
1,0
5,0
23,6
0,0
2,0
3,29
0,12
25,0
4,0
0,0
2,0
1,2
1,0
2,15
0,29
4,7
2,0
0,2
0,1
0,1
2,0
3,0
0,6
124,0
0,60
0,24
4,0
0,115
6,0
14,13
1,0
1,0
1,0
7,15
5,15
1,0
1,0
1,0
0,9
0,6
12,0
1,0
8,37
0,9
8,30
11,0
1,0
4,0
4,0
0,110
1,0
5,0
1,0
1,0
1,0
0,10
6,2
1,0
0,53
4,0
0,2
1,12
0,18
57,0
5,1
3,13
2,0
54,47
5,3
0,7
3,0
0,16
4,0
1,0
11,6
0,5
0,16
5,0
3,0
4,70
1,0
2,0
6,0
1,0
5,44
1,0
25,0
1,30
42,0
7,0
0,5
0,4
0,2
0,5
0,4
0,10
1,0
8,8
0,0
1,48
0,64
9,0
0,1
13,0
1,0
1,0
0,25
13,2
0,10
9,0
0,54
6,0
3,0
0,2
3,6
0,21
2,0
7,0
1,0
1,0
1,0
3,102
1,12
0,5
6,0
45,0
1,48
2,0
1,34
4,0
1,0
0,11
1,0
0,4
1,0
7,29
1,0
0,9
3,0
0,10
11,0
1,37
0,64
1,0
2,0
0,24
1,0
5,0
0,10
0,3
2,0
0,2
1,0
5,0
2,0
1,0
1,61
1,0
2,0
4,0
0,23
0,7
3,0
1,11
309,0
0,10
10,0
1,138
2,0
27,0
1,0
10,0
0,15
660,62
5,0
1,5
33,0
0,2
15,68
0,1
0,0
1,51
0,12
0,6
0,5
4,0
0,3
1,0
0,4
1,24
5,0
34,0
4,11
17,0
0,0
1,0
5,32
0,1
0,0
3,0
1,47
9,0
10,0
1,0
0,1
1,0
4,0
4,0
10,29
1,0
2,0
57,0
44,0
5,29
0,4
5,0
0,3
3,6
1,0
13,0
1,5
16,0
12,4
0,7
2,11
0,0
3,6
11,128
0,1
3,0
1,0
1,47
1,0
2,2
2,44
3,0
0,1
0,1
0,1
2,3
0,0
2,0
2,0
0,19
0,4
1,0
2,0
0,4
2,0
132,0
37,0
0,1
0,23
1,0
1,0
0,9
105,0
94,0
0,7
0,19
1,3
0,152
7,0
0,11
0,0
1,0
5,0
0,1
3,0
1,11
1,0
9,29
39,1
5,36
78,0
1,0
1,0
3,0
2,0
0,8
1,0
3,1
25,0
102,1
4,0
0,4
1,0
0,0
59,0
0,14
0,13
0,65
1,0
1,0
0,1
0,1
2,0
3,0
0,6
0,2
0,28
15,0
4,1
0,3
2,0
1,0
3,19
18,0
1,85
4,3
1,0
1,0
0,14
3,65
46,53
1,1
0,1
190,2
3,0
0,5
0,4
3,1
14,1
1,0
4,0
0,1
1,0
1,118
4,0
3,63
0,75
3,0
1,0
4,47
3,0
1,0
0,6
10,11
0,11
1,3
1,0
6,0
2,0
1,1
2,0
0,8
2,0
2,41
7,41
1,0
0,0
0,3
1,22
2,0
0,1
7,15
3,18
0,2
4,0
7,0
0,2
2,0
0,6
2,0
10,0
3,0
2,3
1,0
1,0
4,1
0,1
0,13
0,0
0,0
1,0
0,8
29,9
0,19
83,1
0,1
0,7
33,0
0,0
0,11
5,5
2,17
1,8
0,43
13,0
0,0
2,0
0,51
0,1
3,0
0,0
0,108
0,4
0,5
3,116
8,0
2,0
1,0
4,0
1,0
0,0
12,0
0,4
0,108
0,2
0,9
1,0
1,0
0,12
16,0
3,12
0,2
2,62
8,121
0,1
0,37
2,0
0,4
4,4
39,16
1,5
1,0
16,10
1,0
1,0
9,0
0,2
5,41
1,3
0,2
1,0
9,62
0,13
0,2
2,0
1,0
5,0
0,12
1,0
2,0
9,0
0,3
0,6
0,25
4,0
16,2
8,53
7,0
3,3
1,0
95,29
1,0
99,17
4,0
0,153
1,0
0,16
0,4
1,0
1,20
6,0
1,0
1,0
1,0
21,0
1,58
2,0
0,0
0,2
0,45
5,25
3,5
0,53
28,1
1,6
0,4
3,0
5,0
0,6
1,0
0,3
1,0
1,0
5,12
0,7
2,0
0,9
6,0
2,0
1,0
0,8
137,0
1,0
1,0
0,2
3,0
0,17
3,0
3,5
2,72
1,0
2,0
31,8
1,14
1,112
2,0
2,0
0,18
1,0
1,0
3,0
1,0
1,0
80,0
1,0
1,0
61,0
2,0
0,1
2,0
5,0
3,0
2,0
0,10
2,0
0,1
3,0
2,0
5,0
1,35
0,0
1,0
3,0
1,0
0,34
2,0
0,2
1,5
12,46
0,3
4,0
1,0
0,3
1,0
1,13
1,0
11,17
97,79
0,0
1,0
1,16
1,10
0,2
1,22
0,2
0,46
1,0
1,2
106,9
53,0
0,18
10,0
0,9
1,0
2,2
0,3
2,0
0,0
1,0
0,83
2,0
0,2
7,0
5,2
0,14
0,14
9,0
0,0
47,0
2,10
2,14
1,0
2,0
1,7
1,0
1,0
0,4
0,8
1,0
1,92
1,0
3,0
4,0
2,2
6,0
0,31
3,35
3,209
5,0
4,0
0,2
1,0
27,0
0,2
3,0
1,0
0,4
0,12
0,1
7,43
3,0
44,0
115,0
2,4
1,7
2,63
1,0
0,24
60,0
4,42
1,0
0,0
0,1
4,0
0,1
2,0
1,7
4,12
8,0
17,0
146,9
71,0
14,0
0,3
215,3
1,0
0,28
4,0
4,0
1,0
2,3
1,38
1,0
8,0
0,2
1,0
3,9
0,13
0,49
13,0
6,0
51,2
0,23
23,0
35,0
15,0
1,0
3,0
1,0
0,1
4,25
3,11
12,0
9,20
6,0
1,0
0,67
5,35
22,0
0,4
0,4
29,0
0,67
254,7
3,0
0,2
0,15
0,17
0,2
0,2
13,12
0,3
0,5
6,0
0,9
5,2
397,0
0,142
0,15
0,2
6,11
1,0
1,0
7,0
0,0
0,1
0,13
13,0
0,17
1,0
4,0
7,0
7,39
16,0
1,0
1,21
15,39
0,15
2,0
0,19
0,3
1,0
5,0
1,0
1,0
0,16
1,0
0,63
0,52
6,0
117,0
0,24
6,0
15,29
3,0
1,0
5,0
0,2
3,0
9,0
1,0
6,42
53,6
2,0
1,0
143,32
47,0
1,0
1,0
6,0
7,0
6,2
15,7
280,0
6,0
0,1
0,3
1,0
0,0
125,0
0,3
0,7
0,0
3,0
1,0
3,8
0,8
0,25
0,4
1,0
289,0
7,0
0,17
1,0
36,0
1,0
0,5
1,0
0,3
168,1
9,8
0,34
13,145
7,18
2,125
179,5
12,5
27,58
0,2
0,6
0,1
1,0
0,1
2,0
55,0
2,0
12,0
1,0
0,4
1,11
1,1
15,89
0,3
0,0
0,2
1,0
0,1
0,116
1,9
3,0
6,0
0,31
0,18
0,11
5,16
4,0
20,0
9,9
1,0
0,12
2,3
2,1
1,0
1,0
1,0
0,3
1,0
0,3
1,0
6,0
1,0
0,29
2,51
0,21
2,9
3,0
23,0
0,70
0,1
2,0
59,113
0,24
1,5
174,6
1,3
2,0
1,3
0,24
0,3
1,0
1,0
23,17
128,1
1,0
0,0
1,0
2,0
0,21
1,8
1,0
4,0
1,0
16,22
2,0
1,0
1,0
1,0
2,0
1,0
313,7
0,30
44,0
10,61
1,0
0,6
1,0
0,0
1,0
2,0
5,0
5,2
0,29
1,0
1,0
10,0
2,19
0,2
9,6
3,0
176,29
11,0
1,0
1,82
1,0
0,10
1,2
0,181
5,0
1,0
0,1
2,0
0,2
14,12
1,38
1,0
29,0
3,0
0,1
10,3
22,0
19,0
0,1
0,1
10,0
8,1
0,24
5,0
0,1
1,0
6,23
0,1
1,0
0,24
0,8
0,4
1,0
0,21
1,0
6,0
0,13
1,0
0,0
1,0
4,0
4,1
34,4
5,50
1,0
19,4
0,16
11,33
2,0
3,20
1,45
0,19
1,0
2,37
2,0
0,16
28,5
1,0
5,0
1,0
103,0
0,0
14,1
2,4
3,0
4,41
0,0
2,110
3,0
7,0
0,0
2,8
0,1
3,0
13,0
0,74
9,46
0,6
0,1
2,0
3,0
79,5
1,0
0,9
0,4
1,0
0,5
0,2
176,0
0,5
1,0
0,39
34,0
0,5
3,0
0,1
0,3
1,0
5,126
0,21
0,4
6,4
3,97
1,0
2,0
0,36
4,0
1,0
3,0
1,0
0,0
9,5
2,0
12,3
56,0
4,0
0,4
4,0
0,38
0,15
0,5
1,0
0,2
0,45
2,0
0,19
1,0
0,19
0,2
0,4
1,0
1,26
0,4
1,0
0,2
1,0
8,0
13,0
1,6
2,0
2,0
1,0
570,0
2,0
11,0
1,0
2,0
0,12
2,0
2,0
1,0
0,4
0,0
0,66
0,1
2,0
4,1
0,0
14,0
6,0
1,0
0,7
18,0
5,0
2,0
0,6
3,0
2,0
0,21
2,63
0,28
43,10
352,17
2,0
0,1
15,1
1,0
75,92
1,49
8,0
7,48
37,0
27,0
0,16
0,0
0,2
2,24
0,182
0,3
5,64
0,1
60,0
1,0
2,0
0,1
0,9
1,0
1,0
13,23
4,107
1,89
4,0
1,0
2,15
3,0
28,0
2,7
0,12
4,13
4,0
1,0
0,6
9,0
2,0
1,0
4,29
6,0
0,1
2,0
0,9
0,9
0,1
1,0
3,14
1,20
2,4
11,0
14,11
1,0
1,0
0,4
5,3
3,0
11,69
0,6
13,16
243,43
0,1
13,0
18,42
0,2
0,0
0,0
0,3
0,2
0,3
20,27
2,0
1,0
5,36
1,1
2,0
0,7
2,0
3,13
1,1
1,0
1,0
0,1
2,0
1,0
1,0
0,6
0,10
14,0
6,0
1,0
0,12
0,2
0,16
1,17
17,0
2,0
0,17
1,0
132,0
1,0
0,1
0,10
1,0
0,2
0,0
5,0
11,0
0,1
2,0
5,0
1,0
3,0
1,0
2,0
4,0
0,1
2,0
10,15
0,1
0,4
7,0
11,22
53,0
0,23
0,5
1,22
0,1
1,190
10,0
0,14
12,10
6,13
4,109
136,29
163,0
4,27
4,0
1,0
1,0
23,125
4,0
0,1
2,0
1,0
0,1
0,2
6,0
0,1
0,10
4,21
1,74
3,72
81,0
3,0
13,0
0,12
29,41
4,0
2,0
1,6
0,30
0,20
4,0
48,0
19,1
2,0
2,0
2,31
2,122
7,5
16,12
1,0
46,3
408,4
1,0
0,53
0,12
12,36
1,0
0,6
44,21
61,4
0,3
1,0
2,0
4,0
0,2
14,2
12,0
2,0
0,4
1,0
0,6
0,5
1,0
0,3
0,3
0,2
2,0
1,0
0,16
0,120
1,0
2,0
2,61
1,1
1,0
1,0
49,168
2,0
0,39
2,0
15,0
0,1
0,2
0,8
7,0
1,0
0,6
2,30
0,6
0,0
1,0
0,1
0,11
0,8
0,0
0,5
1,0
4,0
0,3
9,0
81,24
3,0
0,5
1,0
0,1
5,0
2,15
1,0
0,2
1,27
26,0
0,1
0,5
1,0
2,0
2,0
1,0
0,0
1,15
0,30
0,0
2,0
2,0
15,42
3,4
1,0
47,0
0,9
0,0
0,76
5,0
0,11
2,0
1,0
0,13
44,0
0,24
20,43
5,0
1,0
0,4
7,0
0,7
1,0
0,73
22,6
4,253
0,1
1,0
22,141
0,22
4,3
0,11
85,147
1,0
0,0
1,0
0,29
5,0
4,0
0,19
0,3
0,3
2,0
1,0
3,35
2,3
1,0
0,1
1,53
1,0
1,0
56,0
0,1
1,0
5,0
2,14
0,1
0,0
0,4
75,0
1,0
1,0
8,24
1,0
0,12
1,0
0,48
0,8
6,92
2,0
0,8
1,9
33,1
0,24
0,4
0,2
0,26
0,0
0,2
2,64
0,10
1,2
0,3
0,1
0,10
0,4
1,0
2,0
47,2
10,0
0,13
3,2
0,6
2,35
1,0
102,0
2,0
0,3
0,5
0,28
0,3
0,5
1,8
1,0
1,0
2,2
0,0
7,14
1,17
0,171
6,0
50,0
1,0
4,0
6,0
0,0
0,3
0,0
3,0
0,82
539,2
0,4
10,46
2,0
0,13
2,0
3,17
0,57
1,0
1,0
0,2
2,15
0,70
1156,0
2,0
1,0
417,0
2,0
6,0
4,0
1,0
1,0
1,0
0,1
0,3
1,0
2,0
4,0
0,2
5,0
4,8
1,0
5,27
7,0
1,0
0,1
3,0
0,0
0,53
0,3
2,2
2,17
0,0
0,1
47,39
0,4
13,4
57,0
2,84
2,17
4,8
1,2
1,0
0,5
0,51
1,0
56,105
3,80
0,0
0,51
1,10
2,0
1,29
0,15
0,5
0,20
2,0
1,0
43,1
1,0
3,0
0,9
52,0
0,107
0,1
1,0
4,0
0,129
2,0
8,0
13,7
2,0
12,0
0,6
4,3
1,0
0,41
7,6
9,0
17,24
0,3
5,19
0,6
0,21
4,0
1,58
2,0
11,0
6,0
15,0
16,0
1,0
9,31
1,83
3,0
0,4
0,2
7,0
0,0
0,8
0,0
0,7
0,0
10,0
1,18
1,0
1,0
1,0
1,0
0,41
12,10
16,0
6,13
7,0
39,78
1,0
1,0
0,12
0,0
1,12
2,0
2,33
0,11
10,88
10,0
38,9
3,0
1,0
1,0
16,42
2,0
8,0
2,0
4,0
0,66
27,0
0,16
0,62
7,0
4,2
0,4
0,0
168,2
1,0
1,6
2,54
1,0
1,0
16,81
0,0
0,36
0,1
0,10
4,0
3,90
3,0
11,1
0,2
6,0
10,0
1,0
3,13
5,0
1,0
0,5
1,0
3,0
0,0
7,0
6,0
1,0
7,23
0,1
3,0
2,0
0,8
2,0
0,2
5,2
1,0
0,5
3,8
1,0
2,0
18,20
3,10
2,134
1,12
1,11
313,50
0,0
0,1
3,29
2,0
1,0
3,25
1,0
1,0
2,8
4,0
1,54
16,50
0,3
7,11
0,0
4,0
24,10
4,0
0,3
0,2
14,0
0,23
0,4
0,0
7,43
0,27
0,1
10,12
0,2
0,1
35,0
1,0
1,0
1,0
58,31
2,0
5,0
8,0
2,34
0,6
5,0
99,1
10,0
4,0
15,0
0,10
1,0
0,36
0,1
0,0
2,0
0,1
1,0
7,0
1,8
0,36
0,6
0,57
20,0
4,0
2,7
1,0
11,0
6,0
0,4
5,0
2,0
0,14
1,0
13,0
1,0
3,0
0,1
140,1
3,0
0,0
1,0
2,222
0,3
0,16
1,0
87,0
1,0
0,15
5,0
1,0
1,0
2,5
3,0
1,0
37,152
1,65
0,13
0,6
0,2
2,0
1,0
1,51
1,0
2,0
17,0
27,68
0,21
0,8
3,12
146,0
7,0
0,2
17,0
11,0
1,0
2,4
0,73
35,0
47,2
0,1
14,0
2,0
0,0
1,0
0,0
8,0
1,0
0,101
5,1
1,0
2,0
1,0
0,19
1,0
327,0
0,20
1,0
0,1
6,2
3,0
13,0
3,2
1,0
1,0
1,0
1,2
0,12
0,7
211,0
1,0
1,7
23,29
1,0
1,0
122,0
4,0
2,0
1,0
2,0
0,22
5,14
1,0
8,0
2,15
1,0
0,0
9,105
0,39
0,7
0,0
6,0
2,5
0,91
5,0
0,0
2,0
0,5
678,1
2,0
0,37
0,13
2,0
4,1
11,0
3,0
144,0
0,5
0,1
3,0
11,7
26,85
0,9
6,19
5,0
3,12
0,0
1,9
4,0
0,48
0,7
4,0
0,3
6,0
1,0
3,6
1,0
0,8
2,0
1,0
10,0
4,0
1,0
52,0
4,9
3,12
9,0
1,23
0,8
2,0
1,26
6,0
1,0
44,0
1,0
75,22
1,2
46,34
1,0
5,0
8,238
1,0
1,0
1,0
0,2
3,0
3,23
0,11
0,13
0,2
1,0
1,0
1,2
1,0
1,0
140,2
4,0
3,0
1,0
1,0
72,0
0,2
2,28
2,0
0,110
0,11
0,16
87,2
0,1
2,0
2,34
0,2
0,2
2,1
1,3
0,1
1,0
0,8
0,12
0,10
128,0
3,0
4,1
0,17
3,0
1,5
1,0
0,95
1,0
243,9
24,0
6,7
10,0
0,13
0,34
2,12
0,4
0,111
0,131
0,2
4,0
1,206
2,21
0,3
3,0
5,0
3,0
24,0
0,2
1,0
1,0
1,0
4,25
5,0
7,0
1,0
1,0
2,0
32,0
1,0
1,0
4,0
0,1
0,0
0,34
1,0
4,8
1,0
0,2
11,0
1,0
0,1
0,0
2,0
2,0
31,5
0,16
3,0
14,0
0,57
13,1
5,0
8,8
1,135
80,0
1,0
11,0
0,16
25,0
25,16
19,1
0,16
5,0
1,0
1,0
11,0
2,4
0,1
0,17
4,0
0,4
5,0
0,0
0,2
2,0
0,1
4,0
1,0
13,0
0,0
0,5
0,41
4,0
1,0
5,0
7,0
16,0
33,9
0,46
0,9
0,123
0,23
0,0
119,130
19,0
2,0
2,0
0,32
1,0
0,8
2,0
1,0
9,87
1,0
1,0
1,0
40,0
5,206
1,0
0,0
0,2
2,0
2,0
12,0
0,18
2,0
2,0
0,1
0,14
0,5
0,5
3,0
5,0
5,9
3,0
8,2
33,0
0,17
0,1
2,0
0,0
2,0
0,0
1,0
83,6
1,70
0,6
0,219
3,41
0,5
0,19
2,0
0,9
0,18
1,8
7,0
1,0
12,0
47,0
0,3
0,22
0,1
0,30
1,0
1,0
1,0
3,0
2,0
0,36
0,35
4,0
0,0
1,0
0,3
2,0
1,12
2,0
1,0
1,0
1,0
0,10
3,4
14,34
0,28
4,0
0,13
0,4
1,0
0,13
3,1
2,4
19,0
2,0
1,0
0,1
2,0
0,0
2,0
1,0
0,31
1,0
5,0
90,0
20,0
13,3
0,20
1,0
2,10
1,0
17,0
19,12
1,0
12,0
0,3
2,0
141,0
10,0
14,0
0,0
2,15
1,2
14,24
10,0
6,2
0,52
1,66
0,4
7,13
0,1
10,0
5,0
3,13
1,0
0,1
0,19
2,0
46,34
0,2
1,0
0,5
0,9
5,0
3,1
0,41
14,0
7,1
13,0
24,23
0,1
1,22
1,0
1,0
2,0
0,14
2,0
67,145
0,38
0,1
0,8
1,0
1,0
7,0
1,0
30,0
2,8
1,0
1,0
18,0
5,21
1,0
1,0
0,13
2,0
0,2
1,0
18,20
0,3
2,0
1,1
3,0
30,11
1,0
1,0
2,0
2,0
3,0
1,47
0,0
14,0
0,3
0,12
6,0
0,2
0,5
7,0
0,36
0,1
1,1
3,21
0,4
1,41
4,0
1,0
50,26
11,0
0,8
0,2
2,0
0,6
6,0
1,0
0,0
1,0
0,16
44,18
138,80
9,0
0,16
1,0
2,0
0,95
28,0
0,4
2,0
1,0
0,29
4,0
0,1
24,0
5,6
1,0
0,22
0,3
1,56
98,0
4,1
1,2
0,1
0,0
1,4
0,8
15,1
31,0
0,6
0,11
2,0
0,8
0,2
1,117
1,0
1,0
1,0
5,12
8,0
6,48
6,0
58,18
0,4
1,14
3,34
0,4
0,1
9,0
0,0
11,0
8,0
0,4
2,0
1,0
0,47
1,0
1,1
1,49
0,7
1,0
9,0
22,0
5,20
56,46
0,0
1,0
1,0
0,4
3,0
1,0
1129,0
15,16
1,0
47,14
0,2
4,0
11,53
0,13
0,3
9,165
2,0
0,5
1,0
10,1
1,8
1,0
8,0
4,3
1,0
4,0
4,0
2,0
1,6
1,0
4,21
3,0
0,3
1,0
0,5
39,1
3,0
1,0
1,0
2,0
3,0
0,4
0,11
1,0
117,0
17,0
2,0
0,1
3,25
3,0
2,0
27,0
0,1
1,12
1,0
1,2
0,1
0,13
2,0
11,21
2,2
0,23
10,0
0,3
1,0
1,0
8,0
10,4
3,0
3,0
4,0
0,6
0,6
208,27
4,10
0,3
0,36
0,1
1,0
1,0
0,8
0,2
2,1
1,0
0,2
4,0
3,0
3,0
2,91
1,0
1,0
14,39
8,11
1,6
1,0
9,0
0,0
0,13
7,0
4,0
3,0
0,2
1,0
0,6
1,0
14,6
0,0
1,0
3,0
1,0
2,0
1,0
0,39
8,0
1,0
3,54
3,12
0,2
0,1
25,0
2,0
7,1
0,2
1,0
0,0
2,0
0,8
1,0
2,0
2,13
4,0
48,5
0,0
2,0
1,0
13,0
1,0
135,64
3,0
3,0
1,0
135,62
53,18
2,0
1,0
0,0
12,31
0,1
3,12
0,4
82,0
9,0
5,0
1,0
0,26
4,15
1,0
8,0
6,27
0,0
4,51
8,9
2,42
1,0
0,10
2,0
1,35
3,7
3,9
9,0
0,0
1,0
0,23
2,0
0,3
0,6
0,1
16,0
4,0
3,0
0,13
3,0
3,0
0,3
1,0
1,0
2,0
2,0
0,42
0,1
1,0
0,9
0,5
6,0
1,0
1,0
0,0
0,1
0,40
2,0
0,3
0,0
1,0
1,0
4,0
0,2
10,0
0,1
0,9
9,0
2,0
7,75
5,0
12,0
2,0
16,30
3,0
1,0
4,4
0,1
1,0
1,0
1,0
0,2
0,9
0,2
1,0
1,4
14,5
1,0
1,0
0,24
0,0
3,0
0,3
1,15
2,0
2,39
1,0
7,124
20,8
0,1
0,1
13,0
2,2
11,2
98,2
4,0
0,1
0,10
35,0
6,0
1,10
2,0
347,0
79,0
8,5
0,21
7,3
2,9
17,0
0,14
2,0
0,0
2,16
199,1
0,6
2,0
1,0
0,23
1,0
6,0
0,2
2,0
0,3
0,3
0,3
1,0
8,0
2,2
4,9
1,0
0,2
4,1
0,6
214,0
0,0
0,1
0,2
5,5
2,2
8,57
1,0
0,1
0,8
5,42
1,0
1,0
10,13
0,25
20,0
5,32
1,0
1,0
0,12
0,6
14,0
0,1
1,0
0,3
2,0
0,3
0,5
1,123
1,11
1,0
3,0
1,0
0,2
3,0
0,0
1,0
14,133
2,1
38,7
1,0
0,4
22,0
2,0
3,0
0,26
1,0
1,0
6,0
1,0
0,0
2,2
0,4
0,0
3,0
1,0
1,180
4,0
1,4
0,5
1,12
0,23
2,0
1,0
0,15
1,0
0,30
0,1
3,20
1,0
106,0
0,50
10,0
0,2
0,29
1,0
0,5
11,45
2,0
0,2
0,4
4,0
0,13
0,15
1,0
1,33
0,100
1,0
0,5
2,0
1,0
5,0
0,1
1,0
1,0
1,0
1,0
0,1
0,12
0,1
0,14
1,0
1,8
0,13
7,0
2,0
1,2
1,2
23,27
0,91
27,0
36,5
0,6
1,0
10,0
1,0
8,0
0,8
1,5
0,10
1,0
2,64
4,0
0,52
0,9
0,2
5,0
2,0
40,18
0,0
1,4
6,0
4,69
3,0
1,0
2,0
3,0
0,1
0,1
0,4
7,0
2,0
9,44
0,44
22,11
9,0
9,26
1,0
0,5
0,32
2,0
0,10
0,5
1,3
1,0
1,0
1,0
0,10
2,2
0,0
23,169
1,16
1,1
16,88
1,3
1,0
1,0
1,0
4,0
3,9
2,25
2,0
2,0
0,4
0,0
0,4
0,4
7,0
0,6
12,0
1,0
85,16
0,1
1,0
10,18
1,0
11,1
1,0
2,0
1,19
3,2
6,0
1,0
0,7
39,0
211,1
74,2
1,26
1,0
0,2
4,94
0,1
4,19
0,0
0,5
2,57
0,13
0,3
14,1
68,60
3,0
6,0
0,1
5,21
9,0
2,3
0,3
0,1
1,2
0,102
116,18
5,0
1,0
1,0
10,25
1,0
2,0
335,0
1,2
0,5
2,0
2,15
9,0
10,0
0,44
3,0
126,0
2,0
0,4
0,9
1,3
7,105
2,0
1,0
3,0
1,0
0,3
0,7
3,0
4,0
0,0
0,0
4,0
12,0
0,1
4,0
0,3
0,1
2,0
1,0
1,0
0,1
0,2
5,0
0,3
44,0
1,0
3,0
1,0
0,10
34,0
1,0
0,19
1,0
8,0
2,0
18,34
66,0
0,0
1,0
0,0
24,0
0,3
1,0
0,16
0,2
0,10
0,18
0,0
1,2
7,190
16,0
3,0
2,0
3,0
123,0
2,0
3,3
1,0
1,0
0,6
0,9
1,6
1,0
4,0
3,0
4,0
1,0
0,7
0,1
0,8
1,0
1,0
5,3
5,21
0,4
263,0
5,96
4,0
1,0
1,0
0,0
48,0
0,40
0,1
8,0
1,0
0,6
185,1
2,8
3,0
5,0
5,168
2,0
1,19
0,7
1,0
0,2
7,5
14,6
2,0
1,0
0,19
0,9
0,3
4,0
0,4
156,0
6,0
1,0
2,0
5,21
0,7
2,0
0,13
0,42
5,93
0,1
1,15
3,0
83,0
1,1
0,1
4,123
1,0
1,0
0,2
1,0
1,0
1,0
1,0
0,1
5,0
9,7
2,1
1,0
0,14
1,0
0,2
8,16
3,30
0,2
0,1
0,0
0,7
0,2
1,0
0,12
0,1
0,6
1,0
0,1
3,0
0,2
1,0
2,32
2,0
2,7
1,9
29,18
4,0
5,0
4,22
0,0
5,0
1,0
9,0
0,8
3,0
69,0
1,0
1,0
144,0
4,52
7,11
3,0
2,0
14,4
4,0
1,0
0,1
0,8
47,54
3,112
3,105
1,0
3,0
0,4
20,132
0,7
2,0
0,0
2,0
11,0
1,0
0,8
6,0
1,0
2,0
0,31
0,2
18,39
3,42
0,1
17,0
2,0
2,0
1,0
10,8
2,0
0,6
2,183
10,0
0,6
1,0
0,7
1,23
0,23
337,0
0,4
2,3
2,0
1,0
1,0
3,0
1,0
1,0
4,32
0,0
4,0
3,22
1,0
2,0
339,10
1,0
0,0
3,3
19,4
1,0
75,12
2,9
1,0
15,43
3,0
0,7
1,0
0,39
1,0
10,0
5,0
4,0
0,11
1,0
0,3
0,1
1,0
0,6
0,1
1,7
124,0
5,0
1,0
2,0
2,0
1,1
0,1
0,2
0,11
0,6
1,10
1,0
0,15
1,0
0,21
5,0
91,0
1,1
0,1
61,97
4,0
0,0
164,3
0,0
0,9
2,0
7,0
0,5
0,0
4,9
1,0
4,15
4,0
0,93
0,17
2,0
0,5
14,0
1,0
4,40
1,0
0,1
0,4
1,5
3,0
0,27
1,0
2,0
2,0
0,10
2,152
7,0
1,0
0,50
3,0
9,3
0,0
0,1
0,1
0,4
1,0
2,0
8,0
1,0
1,0
0,0
1,0
4,0
2,0
0,6
0,2
2,107
0,22
3,10
0,1
0,25
1,11
601,9
1,0
0,11
3,0
47,0
37,0
8,0
3,0
0,0
1,0
7,0
1,1
24,3
1,0
1,0
0,1
3,0
0,29
2,0
2,0
2,10
64,49
0,7
7,0
10,19
1,0
1,8
1,0
1,0
2,0
1,0
0,2
1,25
27,0
2,4
0,2
769,0
0,25
33,0
36,0
0,2
2,2
10,6
1,0
3,0
1,0
0,5
0,48
1,132
1,23
0,2
1,0
1,0
19,0
1,0
0,85
0,0
0,5
1,22
1,0
0,5
2,0
2,0
0,3
0,2
5,0
1,0
3,0
3,0
0,0
21,1
37,0
0,1
0,5
0,11
1,0
16,72
0,18
0,39
1,0
54,0
0,10
0,12
21,0
1,0
1,1
0,0
1,0
2,0
3,0
1,4
0,11
0,1
0,18
0,2
0,1
8,0
2,0
0,28
0,2
30,111
1,0
1,0
2,0
1,0
0,25
1,176
0,21
0,1
2,0
0,10
11,13
0,4
1,0
1,0
2,0
1,0
0,3
1,0
0,6
1,0
1,0
1,0
1,19
4,0
5,0
1,163
2,0
0,2
0,1
1,0
0,0
17,45
1,4
1,33
10,4
4,57
0,0
3,18
2,0
13,0
0,109
0,3
2,0
1,0
0,10
0,13
0,0
0,24
1,0
0,11
5,0
3,69
1,0
0,7
3,13
9,0
4,0
0,33
0,10
2,14
1,0
1,0
0,8
12,0
2,0
0,39
0,0
1,0
3,0
1,0
2,0
2,0
1,0
1,22
6,0
0,61
3,29
3,62
1,0
0,1
1,0
1,0
0,1
6,0
10,12
2,0
6,0
0,4
7,52
0,2
3,0
4,0
0,4
1,0
1,0
1,0
1,0
0,1
5,0
26,0
0,16
0,2
1,0
1,40
5,0
0,1
7,31
2,1
1,0
367,0
3,0
21,25
1,0
4,0
2,0
1,1
0,0
0,0
1,1
0,58
1,2
7,1
1,6
6,25
1,0
34,0
0,2
3,0
3,0
36,0
10,59
2,0
6,1
1,0
1,0
10,0
1,0
1,31
0,5
1,0
0,28
1,37
1,0
1,38
2,75
5,0
9,165
1,0
1,35
7,0
0,8
2,0
1,0
0,10
1,0
3,28
5,0
0,2
0,4
5,0
229,18
65,0
0,33
70,28
2,0
4,0
361,0
1,0
4,15
32,63
2,0
0,1
2,3
6,0
8,5
1,0
2,1
5,168
10,0
1,0
451,0
1,0
1,0
1,0
83,0
1,0
2,15
1,0
1,0
5,65
16,55
2,11
1,0
6,116
0,9
2,0
2,0
13,44
0,2
3,0
11,0
1,0
0,7
0,20
1,0
5,13
0,3
0,1
4,0
0,8
17,0
0,1
1,46
2,0
2,0
1,0
0,5
1,0
30,0
0,23
1,29
8,5
0,41
1,0
5,0
2,0
0,12
0,14
31,18
0,2
0,2
1,0
3,5
1,0
1,2
3,0
5,0
2,0
0,2
1,0
3,0
1,0
0,11
3,0
0,0
1,7
1,0
0,1
1,0
3,0
9,2
18,224
1,0
2,0
132,5
0,6
9,0
3,0
1,0
2,0
1,0
83,0
3,0
4,0
20,7
3,0
0,4
1,2
1,0
0,10
29,0
2,0
13,1
0,6
0,16
10,0
2,0
2,0
6,23
3,0
1,0
3,0
7,0
0,29
0,3
1,53
1,0
1,0
2,76
0,20
3,0
0,2
20,3
23,0
1,8
0,2
66,7
22,0
4,0
2,0
0,4
12,0
9,30
0,6
0,3
4,13
47,2
0,24
31,0
0,1
12,0
2,0
1,66
2,0
2,0
7,0
0,33
4,13
0,32
1,0
1,2
3,7
0,2
1,0
0,2
222,3
4,0
3,9
2,13
10,0
0,2
0,3
0,13
0,1
0,0
22,0
1,0
0,2
1,0
0,0
1,0
4,25
3,19
0,6
0,31
4,0
67,104
8,0
24,0
2,0
545,4
0,2
2,0
8,0
0,40
21,0
14,99
3,0
9,0
3,0
2,0
28,0
1,0
31,13
0,10
39,0
1,0
59,0
4,0
0,33
0,3
1,0
6,5
0,7
4,9
8,12
5,0
270,3
0,10
0,2
2,0
1,3
1,0
1,0
1,0
6,0
45,21
0,22
0,9
9,30
1,0
1,0
2,0
0,1
3,5
2,0
3,0
3,200
0,6
0,81
1,2
0,3
0,44
65,17
40,0
3,132
0,3
0,0
6,27
101,4
2,0
0,3
0,10
0,23
14,53
10,13
15,10
3,28
0,4
0,19
0,72
2,7
1,0
1,0
4,8
3,1
2,0
0,3
0,2
1,0
29,0
0,63
0,17
0,22
1,0
0,11
5,25
37,0
0,0
1,0
1,0
2,0
1,0
1,0
0,17
0,46
7,18
103,0
0,4
23,1
0,12
2,0
0,17
0,22
21,13
173,39
0,10
13,0
0,15
1,0
0,67
0,84
0,2
1,0
0,0
19,0
0,7
5,0
8,96
1,0
1,50
1,4
5,14
2,0
1,0
3,0
0,103
0,1
0,19
1,119
0,1
0,3
1,0
2,0
2,0
1,0
0,9
1,27
1,0
2,89
10,0
1,15
15,0
0,49
0,10
50,0
7,2
1,1
0,0
2,0
28,0
0,19
5,33
0,55
1,0
0,3
0,0
2,0
2,88
3,0
2,107
2,13
1,0
2,0
26,0
1,0
0,17
1,36
1,0
0,7
0,6
2,0
4,0
12,0
0,2
2,0
0,65
0,5
4,5
0,2
4,0
0,10
0,4
1,0
6,0
36,0
3,0
2,0
2,0
2,0
1,18
0,8
2,0
26,2
4,0
0,38
1,23
0,4
2,0
3,0
0,4
0,0
5,0
0,11
1,0
0,1
9,9
0,2
14,0
0,1
1,0
1,0
1,0
0,0
14,33
5,0
2,0
0,5
2,0
0,2
1,0
2,0
2,0
2,0
6,0
2,37
2,92
5,82
5,6
64,0
149,78
49,0
0,1
0,39
18,0
0,1
2,0
0,2
2,4
0,3
1,0
8,0
1,2
1,0
1,0
0,0
2,4
18,0
1,0
2,0
21,0
1,0
4,0
3,0
50,0
6,8
0,7
1,4
20,16
0,11
1,0
0,0
1,0
0,16
1,92
4,13
16,0
0,6
2,0
4,0
2,0
5,0
0,1
5,42
4,0
0,2
0,0
1,2
3,32
0,4
0,4
25,0
1,0
5,1
59,0
1,0
1,0
0,7
4,0
1,0
1,2
1,0
0,5
0,1
1,0
5,0
7,19
5,0
1,0
3,41
5,0
6,2
1,0
17,0
122,3
0,2
3,0
16,9
1,0
0,11
0,65
2,0
0,0
8,0
0,1
219,74
1,0
1,5
2,0
11,27
1,0
11,5
143,9
1,0
0,2
1,4
6,0
3,0
19,0
1,0
3,26
0,3
25,0
5,0
3,0
4,21
1,0
8,0
0,0
85,0
2,0
2,6
1,0
0,0
10,18
10,81
3,0
2,0
0,1
2,6
2,0
0,1
0,5
0,0
19,0
3,62
1,0
0,3
0,2
3,8
2,0
7,0
7,31
0,2
1,71
2,0
31,4
0,128
0,61
5,0
9,0
186,30
7,9
1,0
1,0
2,0
1,0
0,4
3,2
0,0
3,0
1,0
4,0
0,2
0,1
2,1
0,5
9,0
0,9
1,0
0,7
0,5
1,0
10,2
4,0
1,0
158,0
0,1
146,8
0,3
4,0
0,6
0,13
1,0
0,2
149,0
260,1
5,8
0,3
1,0
1,48
1,2
0,1
1,0
5,91
0,1
0,8
10,0
1,0
0,4
4,0
9,6
8,0
1,0
1,1
0,5
0,1
1,125
5,0
1,0
3,4
0,3
0,1
1,0
49,0
0,7
0,3
3,0
4,0
0,3
4,0
0,0
1,0
4,32
0,19
0,3
1,0
0,36
2,61
0,1
16,4
2,58
1,0
0,9
0,128
0,0
0,6
0,1
0,1
0,8
1,14
11,0
1,0
0,0
1,0
2,0
2,0
0,4
0,2
1,1
2,0
0,1
10,20
6,0
7,23
1,0
5,0
23,0
1,0
11,0
751,15
0,5
0,3
0,0
1,3
1,0
1,0
1,8
0,17
0,1
0,36
539,24
2,0
1,0
1,0
0,2
0,13
2,8
0,68
0,11
4,0
0,17
2,2
6,72
183,18
0,6
1,1
11,12
1,1
0,0
8,0
0,2
0,18
0,37
0,27
4,0
39,5
10,0
0,1
0,6
12,10
1,0
24,0
54,3
2,9
1,0
0,2
1,1
7,46
6,0
28,35
0,105
21,8
4,1
2,46
139,0
0,12
0,32
0,21
1,0
3,0
8,0
2,0
0,1
0,0
112,0
1,22
16,0
2,0
3,0
3,0
1,0
1,1
1,0
1,136
0,32
1,0
2,0
1,7
2,0
2,0
162,31
5,0
0,2
4,0
33,0
0,12
0,28
10,0
1,53
9,11
0,1
0,0
0,2
4,0
0,22
0,0
3,7
1,0
24,183
52,5
1,22
32,72
4,0
1,0
4,0
1,0
10,35
19,29
0,7
8,7
0,212
2,2
1,0
1,0
2,0
3,1
2,0
3,0
3,0
10,0
0,3
2,4
2,0
1,1
0,0
2,5
1,82
5,0
3,0
1,21
1,0
1,14
0,1
1,0
2,0
0,9
3,0
70,31
2,0
2,0
1,0
7,0
1,4
0,35
16,0
1,0
0,131
16,15
2,0
0,10
1,13
2,5
3,0
7,0
0,1
1,166
1,0
1,4
0,33
1,0
2,0
0,22
2,78
0,0
30,0
0,11
2,123
1,7
2,0
2,36
0,3
10,29
1,0
1,42
0,63
1,0
206,0
0,3
3,2
1,3
8,30
0,1
1,0
1,0
8,66
2,0
9,0
2,0
2,3
3,0
7,0
4,0
1,0
104,0
2,2
9,145
0,7
4,10
1,6
1,0
1,0
37,1
1,29
7,1
3,0
2,7
0,5
0,0
1,0
7,7
0,1
0,8
0,0
4,0
0,2
8,0
2,45
3,177
0,39
0,14
0,0
2,0
17,0
24,0
0,27
0,18
3,3
1,0
2,0
36,0
6,2
1,0
0,10
0,0
1,0
2,0
2,0
0,2
0,4
1,13
0,9
179,4
7,0
1,0
5,42
0,59
0,0
2,0
2,3
0,2
2,0
2,0
0,1
0,1
0,3
5,0
1,0
0,1
0,2
2,0
1,0
2,0
1,0
1,1
0,4
1,0
0,17
0,11
1,0
0,1
0,3
4,21
0,11
1,0
0,20
0,4
3,0
2,0
3,36
0,0
2,0
9,0
4,0
0,0
1,0
0,1
60,1
6,0
0,3
0,23
7,162
0,1
1,0
0,19
16,9
0,1
7,0
1,0
2,2
0,11
10,128
0,4
0,1
4,0
2,8
0,24
0,12
9,0
0,123
10,73
0,5
3,97
2,2
5,0
1,0
0,9
1,0
0,5
6,0
3,0
6,0
1,0
0,5
1,0
2,0
0,1
1,0
1,0
1,0
0,3
1,0
1,13
0,1
0,1
0,4
2,0
1,0
1,11
11,0
1,0
33,0
0,39
2,0
1,4
2,0
0,17
4,24
0,101
0,97
6,0
1,0
1,0
8,56
0,16
0,10
0,1
0,4
6,13
4,42
0,2
1,0
1,0
0,13
0,6
0,22
2,0
0,4
1,0
5,0
0,4
0,1
1,0
1,0
7,0
0,47
2,5
31,29
1,0
0,7
197,0
0,9
1,6
1,0
25,0
209,0
4,25
0,0
0,1
77,18
1,0
1,0
4,0
7,0
3,0
6,0
1,0
10,6
0,3
24,25
4,0
4,10
13,13
3,12
1,13
7,0
1,0
0,0
1,0
0,8
118,0
5,0
5,0
1,0
0,1
2,0
1,0
9,3
0,4
0,1
0,10
3,0
1,0
0,1
7,80
0,7
48,0
0,7
3,1
2,2
0,10
0,35
3,0
0,9
1,0
5,0
10,19
4,0
6,0
0,19
32,2
1,135
32,26
2,0
0,10
1,5
1,0
1,76
0,1
0,7
4,0
0,9
0,0
0,20
11,50
18,0
1,5
66,0
4,0
1,0
1,0
2,0
0,28
1,55
306,0
83,0
0,2
0,4
5,3
1,0
0,1
7,10
31,0
5,0
4,0
3,0
0,14
0,0
0,0
1,0
17,5
14,0
5,0
17,18
2,2
18,0
0,1
4,0
17,9
1,31
19,65
0,4
0,3
14,0
6,0
0,4
5,1
0,4
0,90
1,0
0,5
1,0
0,17
7,0
4,0
130,0
211,0
11,0
2,0
1,0
1,11
4,35
1,3
0,1
10,0
8,0
2,0
11,0
115,0
0,4
1,11
0,9
0,5
1,0
0,1
0,10
0,20
0,0
1,0
1,10
398,28
0,0
0,2
1,0
2,3
0,28
0,1
5,0
4,0
0,66
1,0
0,2
69,0
1,5
1,0
3,87
1,0
3,0
0,3
1,12
22,0
3,147
2,0
1,0
1,0
1,0
1,0
243,0
1,0
1,0
1,0
8,0
0,15
0,2
1,0
10,113
1,112
32,0
1,17
1,0
0,3
2,0
1,0
0,9
0,1
1,0
5,0
11,0
3,8
2,1
10,0
0,2
0,14
0,0
1,8
1,0
1,1
17,0
0,10
0,3
3,0
3,0
1,1
6,21
1,0
19,0
2,0
2,0
18,0
0,3
4,0
2,0
0,2
50,4
1,51
5,0
1,5
0,103
1,0
0,1
7,13
0,0
3,0
44,1
11,0
1,0
0,9
1,0
141,3
3,12
2,0
0,19
2,27
6,0
1,19
1,0
105,95
0,3
1,0
1,0
2,0
31,116
4,2
0,0
2,29
0,32
2,0
6,8
1,0
2,0
1,0
44,5
8,0
0,0
5,157
1,0
3,0
2,0
3,0
1,0
270,0
97,0
2,0
8,30
12,0
2,0
5,0
3,0
7,0
3,0
12,0
1,2
2,5
4,0
0,4
2,0
4,8
0,90
0,2
0,27
5,0
4,0
0,124
1,0
1,0
2,0
0,0
9,0
0,8
106,0
9,10
0,18
6,8
120,0
0,0
0,24
0,0
0,0
10,175
11,0
0,10
34,0
6,4
1,0
1,0
4,0
2,0
295,2
99,0
28,0
3,6
17,92
3,0
0,0
1,0
0,0
0,0
3,0
0,77
0,32
1,0
1,0
1,0
0,11
12,0
4,11
4,3
0,18
117,25
2,30
18,46
4,0
2,0
1,0
21,12
5,0
1,0
1,0
0,2
6,0
0,21
0,1
18,0
0,1
2,9
49,0
9,0
4,1
5,5
0,1
108,0
1,0
0,0
9,9
7,0
2,6
8,58
0,33
1,0
6,0
1,0
1,0
2,0
14,3
0,6
69,0
0,1
0,0
2,0
2,51
3,0
1,0
24,0
7,49
0,1
0,1
18,29
1,0
7,0
1,0
16,0
17,26
1,0
1,0
0,65
3,0
6,0
1,5
2,0
0,9
20,0
0,11
1,160
7,74
5,17
0,9
11,0
2,0
2,0
19,40
6,0
25,58
4,0
1,36
21,0
0,1
0,1
5,0
3,0
9,0
0,12
30,16
2,21
3,4
3,0
0,91
1,0
0,0
0,6
0,26
0,6
4,0
1350,3
0,14
1,0
0,103
1,0
0,86
3,0
48,0
0,1
1,0
0,11
13,0
2,7
140,64
1,2
2,0
47,5
1,0
1,7
8,0
4,17
6,0
3,0
2,100
1,0
1041,5
2,0
14,4
2,2
4,0
128,0
15,5
21,1
1,2
5,4
1,7
2,0
0,5
1,0
1,2
9,7
1,0
5,0
0,4
1,0
8,8
0,16
50,138
31,0
1,0
2,0
0,6
0,9
5,0
3,14
20,169
1,0
2,4
0,3
1,0
1,0
2,0
0,17
0,6
0,11
3,0
1,13
14,0
1,2
4,0
0,12
81,14
5,0
1,0
1,0
0,7
0,79
54,0
81,0
51,0
0,18
0,36
0,23
87,0
10,1
0,1
0,0
2,0
166,17
5,0
0,3
0,0
0,1
8,0
6,0
0,0
1,0
0,5
0,14
7,5
4,0
9,0
32,0
1,7
0,2
2,0
2,0
41,0
1,0
4,0
0,1
0,6
2,22
1,0
64,5
1,0
0,18
0,16
23,0
6,0
1,0
2,24
0,19
0,19
9,20
0,2
0,20
3,0
0,4
13,2
2,0
3,0
0,2
0,28
1,12
0,12
1,8
0,0
1,0
0,24
1,0
0,186
67,0
5,0
1,0
1,0
0,6
390,3
1,0
2,0
1,0
2,0
24,0
23,109
0,35
0,4
3,0
1,0
0,3
21,0
1,0
0,11
0,2
0,2
0,3
102,41
1,0
8,0
9,9
2,0
1,0
0,1
1,0
0,1
72,9
2,0
4,5
1,0
10,5
1,0
6,2
1,0
5,0
3,0
2,0
1,0
0,0
6,0
0,1
0,5
0,4
91,6
0,2
0,5
1,0
0,3
0,112
2,16
1,0
131,1
3,27
1,14
0,25
8,0
2,5
0,4
1,5
80,0
8,0
0,0
0,19
2,0
1,0
3,0
1,0
1,0
79,55
0,9
2,0
3,0
1,6
0,2
4,91
6,0
1,0
1,0
0,5
1,3
20,0
23,8
8,0
0,12
8,0
1,0
8,0
0,5
2,0
120,5
3,0
0,5
1,0
0,34
1,0
0,8
0,7
0,1
1,0
1,0
0,1
88,42
64,12
0,15
0,3
31,0
0,9
1,4
1,0
3,3
7,0
6,0
3,0
0,1
6,0
15,39
55,18
10,0
0,3
1,5
1,0
0,5
5,0
8,0
4,11
2,0
15,0
0,2
8,0
16,0
2,0
2,0
4,0
1,1
5,28
1,0
20,64
6,3
17,0
3,0
0,19
4,0
1,0
2,0
17,0
11,0
1,1
9,1
0,12
2,0
0,37
0,4
3,7
1,0
1,2
0,5
0,2
5,0
32,12
0,103
62,36
2,1
3,0
1,0
1,0
2,0
47,8
1,0
0,0
0,23
3,0
0,3
8,0
0,4
1,112
3,0
14,0
0,0
1,1
1,0
0,16
4,40
3,0
2,0
1,0
0,74
0,3
0,78
2,0
2,10
12,17
5,0
1,0
0,4
0,2
0,2
3,0
0,2
0,2
2,0
2,0
1,0
2,0
0,12
9,0
0,18
0,7
1,0
20,0
1,0
17,0
8,0
3,3
12,2
1,0
0,2
0,8
8,0
0,1
0,34
0,4
0,0
8,7
6,0
2,0
2,0
0,12
3,139
4,0
0,47
7,8
0,26
1,8
0,51
10,244
2,95
1,0
3,19
4,0
2,7
10,8
0,19
12,0
1,1
27,13
0,0
0,22
1,0
0,10
1,0
7,27
0,23
2,0
0,172
13,2
0,1
1,0
1,0
1,0
6,0
127,0
3,0
2,0
1,0
0,3
32,0
0,3
19,3
4,19
1,0
1,0
1,0
12,0
0,2
1,5
2,0
1,0
0,0
1,0
0,19
47,5
1,0
0,38
0,27
0,2
0,21
0,3
1,0
35,5
1,0
0,31
13,0
1,0
0,1
2,0
2,35
3,0
4,0
2,0
3,0
11,0
7,0
0,0
0,2
1,0
8,0
7,1
2,6
1,0
0,0
4,89
20,0
4,0
1,0
1,0
1,0
0,3
3,0
2,0
16,0
0,6
1,0
1,0
15,25
2,1
447,12
3,0
3,0
83,19
2,0
0,9
0,1
9,0
4,0
1,0
0,1
2,0
7,0
13,1
4,0
1,0
0,1
109,0
0,23
129,0
1,0
4,0
0,50
1,0
39,7
0,30
5,0
0,3
2,0
1,0
9,0
0,25
1,3
2,0
0,3
0,18
1,0
6,0
14,2
32,0
18,0
6,100
0,14
4,0
0,1
0,128
2,0
1,0
0,1
0,1
2,0
20,14
3,56
2,0
1,0
0,3
1,0
2,0
1,0
4,22
97,11
1,31
0,211
1,0
8,19
0,8
0,12
0,1
2,0
0,23
0,8
5,45
0,164
3,0
7,2
0,1
1,0
1,0
59,7
1,0
0,1
53,0
6,0
3,0
1,0
138,0
31,8
0,0
32,0
6,0
0,1
1,0
76,0
5,53
0,9
0,0
1,0
75,0
2,0
1,0
48,0
0,7
1,0
0,0
5,1
2,0
0,1
0,1
2,0
63,0
22,0
0,2
1,0
0,1
0,18
1,0
0,21
5,0
3,0
1,0
6,0
2,0
2,0
1,0
2,43
1,0
0,3
5,0
10,0
1,198
11,0
1,0
5,46
1,39
23,10
77,13
12,0
21,0
3,0
35,35
2,0
1,0
2,0
5,6
1,11
5,1
3,0
2,0
1,0
1,0
7,6
5,11
0,4
1,24
0,1
0,2
1,0
0,0
1,0
1,0
0,30
2,0
0,0
0,1
5,0
5,0
1,0
76,32
1,0
0,8
1,0
0,41
1,21
1,0
55,1
4,0
0,14
0,0
0,66
2,0
380,1
1,0
2,0
2,4
2,124
0,13
1,0
0,21
0,2
7,0
0,1
0,8
35,23
2,0
0,38
5,3
4,0
20,0
0,5
1,0
0,31
1,0
0,5
0,21
3,0
0,7
13,52
1,3
22,35
7,0
0,27
0,1
8,0
2,0
45,0
0,6
2,0
0,1
4,9
0,68
8,0
2,0
0,1
1,0
4,0
3,0
4,0
2,0
4,1
3,0
1,0
219,6
11,0
0,9
1,38
9,0
1,0
3,0
0,0
0,0
8,36
10,0
6,0
0,134
36,4
2,0
233,169
0,37
0,2
0,6
0,0
0,2
1,0
0,7
12,3
5,0
1,0
1,22
1,0
3,0
0,2
8,0
1,0
51,0
1,0
28,22
4,0
0,5
19,27
2,0
0,4
3,0
7,0
2,0
5,0
0,13
1,0
0,42
0,0
0,102
0,164
1,0
381,6
0,4
0,113
1,0
0,57
0,0
2,26
2,0
0,21
1,0
0,9
2,0
1,0
3,62
0,138
0,1
2,0
7,0
0,2
1,3
0,8
1,0
0,3
27,0
0,8
1,0
0,10
0,2
42,0
5,0
3,10
4,0
5,0
3,3
2,0
1,0
3,2
2,0
1,0
0,1
0,4
0,20
76,0
91,0
1,0
9,0
0,5
0,0
0,0
0,17
0,4
2,0
8,0
0,26
5,0
6,0
1,0
0,67
0,3
3,0
1,7
1,0
2,0
0,12
7,10
1,0
0,14
215,127
4,0
10,0
0,60
5,0
0,20
0,16
11,0
0,28
2,0
1,3
1,0
1,0
1,0
6,145
2,0
3,3
6,56
5,0
4,0
4,0
1,15
0,10
1,0
1,35
0,0
1,0
2,1
0,18
0,10
0,7
3,7
1,0
1,161
0,0
52,0
1,0
12,7
11,0
3,0
11,30
1,30
4,34
0,5
0,10
1,0
1,0
0,4
2,0
0,2
1,0
2,0
0,0
0,16
73,49
1,0
8,22
8,48
0,5
0,14
0,24
36,5
10,0
0,0
6,5
0,19
5,0
0,3
0,10
1,90
70,115
0,1
1,0
4,0
2,0
3,39
10,0
0,1
2,0
1,4
0,0
4,0
0,0
1,0
1,0
0,2
1,0
25,0
0,4
0,27
0,7
0,1
1,0
1,19
7,0
1,0
3,0
0,1
6,0
0,1
7,79
1,0
1,23
0,8
57,0
17,1
0,6
6,13
1,0
1,0
0,0
8,18
1,0
2,0
0,10
5,21
16,91
1,0
0,5
1,0
8,0
1,41
0,3
0,8
1,0
5,153
3,25
1,0
0,1
1,0
1,0
0,63
0,8
2,32
0,23
2,0
4,0
74,0
10,25
12,0
0,6
6,0
0,1
0,80
109,26
4,0
0,3
10,0
1,171
6,0
1,0
1,1
1,0
0,3
0,0
8,0
9,0
0,0
3,0
5,0
0,10
3,0
1,1
0,40
2,0
10,0
2,0
1,0
8,23
0,0
111,0
0,21
0,27
4,13
0,6
0,160
1,0
1,0
4,0
2,0
0,4
3,0
1,0
1,0
0,1
0,21
17,0
0,0
8,0
0,111
25,0
1,0
0,11
1,0
1,0
1,0
3,0
1,0
2,0
0,4
1,0
40,0
0,4
5,0
24,39
1,0
21,34
1,0
1,0
0,7
140,22
10,0
0,2
1,2
3,28
0,3
0,6
1,93
0,25
0,0
47,24
1,0
4,0
15,0
42,29
0,116
135,2
6,0
1,0
0,1
1,0
0,5
1,0
342,35
2,0
1,11
4,0
1,0
2,0
0,31
0,210
1,0
1,0
112,0
1,22
30,1
2,0
0,0
1,0
0,33
3,12
0,10
1,0
20,106
0,0
0,6
41,0
0,4
1,0
0,2
2,0
0,5
0,1
0,1
0,0
15,45
0,155
1,0
1,77
2,60
1,0
7,18
0,3
2,0
0,23
0,31
1,0
0,3
0,0
2,0
0,4
0,1
1,0
3,4
1,0
1,0
0,1
1,0
1,0
0,131
0,1
0,3
0,8
4,0
2,0
1,0
4,0
5,0
0,21
1,4
155,12
5,0
0,35
0,9
4,0
3,0
30,0
0,5
13,34
2,179
6,0
1,1
0,0
2,2
4,0
0,34
174,5
5,0
87,92
7,0
98,1
0,85
1,0
2,0
4,0
0,0
1,0
2,0
26,0
3,85
41,81
1,0
7,0
3,143
0,9
1,147
0,3
1,0
1,0
0,0
2,0
6,16
4,0
0,1
433,5
1,0
4,0
0,50
1,0
43,26
0,8
2,0
88,14
0,12
0,1
1,0
0,25
22,0
2,0
0,4
4,0
1,0
0,0
1,0
1,9
1,0
1,0
3,0
0,114
3,6
13,43
2,17
4,0
41,0
19,0
9,0
4,36
7,59
4,88
0,3
24,2
0,0
2,0
0,2
10,0
0,15
0,1
93,30
213,0
1,0
7,0
0,8
493,2
1,0
3,1
8,0
3,85
0,5
2,19
0,2
7,0
0,1
0,0
3,0
0,1
4,2
0,1
0,1
14,11
3,0
0,4
0,0
1,5
12,0
0,12
8,0
0,11
1,0
2,0
1,0
3,5
0,10
119,10
1,0
14,0
21,0
1,0
20,0
0,3
1,0
2,3
1,0
0,6
2,0
1,0
1,148
0,19
0,0
1,3
10,26
1,0
5,3
1,0
0,1
8,0
1,0
0,186
29,10
0,30
1,26
145,92
2,2
2,0
11,0
1,8
1,0
5,26
1,0
0,0
1,0
1,0
0,165
1,0
8,0
1,0
1,0
0,7
0,0
2,0
15,0
4,0
2,0
0,6
0,2
3,0
0,6
13,24
0,2
14,91
0,75
2,0
1,0
0,130
1,0
1,0
2,0
0,0
1,0
0,22
1,0
3,0
0,26
0,4
27,18
3,10
0,7
1,100
1,0
83,0
1,0
3,0
1,21
2,0
1,0
0,1
13,0
2,0
3,29
0,7
3,0
3,101
43,0
0,3
2,0
0,53
0,8
0,33
2,0
5,0
0,73
1,0
1,0
1,32
0,15
0,4
0,96
2,0
0,10
0,21
6,107
0,0
0,2
2,0
2,0
6,29
10,0
1,0
7,0
3,81
0,4
5,7
7,0
1,0
14,9
0,2
2,0
0,61
0,5
0,12
8,51
2,0
1,4
6,0
2,0
0,42
4,0
3,0
0,41
9,0
2,14
143,0
2,9
0,9
1,0
0,0
8,0
1,0
0,0
0,9
12,0
7,0
63,144
1,0
15,68
2,0
5,0
1,0
0,0
1,0
0,60
0,14
4,0
1,0
1,0
1,0
0,23
2,13
1,0
9,0
1,0
144,0
12,0
1,0
0,15
63,0
25,0
1,0
1,0
39,0
8,0
1,0
5,0
0,28
2,0
0,2
0,48
10,40
2,9
53,0
1,0
0,32
0,21
0,3
0,0
1,4
1,12
1,0
3,0
0,33
0,5
9,8
173,15
0,28
1,43
2,2
2,0
18,0
0,14
0,48
6,0
0,13
1,0
4,0
0,2
0,0
1,32
2,0
9,0
0,0
4,12
12,6
1,0
45,0
0,18
37,0
11,0
0,12
1,0
98,0
0,38
4,0
19,15
2,0
11,0
7,1
1,0
0,53
1,0
0,1
0,14
0,1
21,0
856,34
1,0
1,0
39,5
2,0
1,3
1,10
2,0
0,204
19,1
0,38
1,0
1,0
1,0
14,0
104,0
1,0
45,0
1,0
1,0
1,0
1,0
11,0
0,3
0,1
67,40
0,30
0,6
1,0
15,51
0,21
0,2
0,17
35,0
4,8
12,0
10,130
0,1
0,2
0,111
2,0
2,0
0,30
2,18
19,0
0,14
467,0
36,9
5,0
0,1
4,0
2,0
10,0
1,0
5,25
2,3
1,88
6,1
6,0
0,2
0,1
1,27
0,49
9,0
1,4
1,28
0,37
0,2
0,56
1,0
2,0
1,0
1,0
0,1
0,4
8,0
0,11
1,72
0,3
1,2
5,0
3,0
8,0
5,0
6,0
0,0
0,5
2,0
0,40
2,0
0,0
48,15
0,18
0,4
4,0
12,0
1,1
54,22
0,18
1,0
0,0
3,0
3,0
1,0
98,41
0,7
2,66
500,9
1,10
4,0
2,0
0,10
0,0
1,0
118,56
39,2
1,2
46,0
0,2
0,46
494,69
1,0
3,0
5,0
1,0
1,0
0,0
3,10
2,0
0,1
0,116
2,0
0,1
11,22
0,2
1,0
0,10
2,5
0,26
0,19
0,3
1,0
0,1
0,2
3,27
35,0
2,0
0,3
0,2
1,0
125,0
3,0
67,0
2,0
0,0
3,5
1,0
0,4
0,10
45,55
1,0
0,1
0,11
1,0
66,50
0,5
0,4
0,16
0,1
0,118
0,2
0,16
1,0
3,0
4,0
3,1
1,0
6,0
2,0
0,3
1,0
1,0
1,0
1,0
3,0
0,6
1,0
4,0
1,0
3,0
11,0
0,1
0,8
0,20
1,0
3,0
1,0
0,7
0,0
8,0
0,2
1,18
1,0
0,0
2,0
0,15
15,6
12,0
1,2
7,91
24,0
2,3
3,0
1,0
1,0
1,0
3,0
1,98
1,0
1,0
0,2
0,0
1,0
0,2
1,0
1,0
5,0
18,0
1,0
1,75
1,22
0,4
0,33
9,0
2,0
4,0
0,8
1,0
11,0
0,3
0,3
0,9
40,0
3,0
0,66
0,15
84,0
1,0
1,0
0,0
3,44
1,0
1,0
0,5
2,8
0,5
1,0
0,1
0,2
0,6
6,46
26,0
4,0
10,0
0,4
4,0
0,3
1,0
2,0
0,16
1,0
1,3
0,9
0,7
3,0
1,0
1,40
1,0
0,0
1,0
1,7
0,26
1,0
4,0
1,0
1,5
5,0
0,4
0,8
19,0
0,80
1,28
1,0
1,0
4,206
1,4
5,0
1,0
0,12
1,0
1,0
3,7
2,0
2,0
0,3
0,55
0,11
1,38
1,0
1,0
7,0
0,1
1,0
27,0
1,0
2,0
0,10
3,0
0,1
1,4
291,27
2,0
0,19
4,0
0,70
1,0
7,0
1,0
2,0
3,0
13,0
4,0
0,9
1,0
1,0
7,45
5,0
6,113
2,1
2,38
0,5
0,9
0,4
3,0
4,0
9,1
0,20
1,16
46,0
35,39
1,0
0,9
0,8
13,0
6,57
1,0
0,4
14,0
4,0
1,58
0,10
14,0
2,0
0,228
0,14
4,0
0,5
0,12
1,4
4,22
0,1
13,0
1,0
3,46
0,3
0,2
2,0
1,0
2,0
53,20
5,0
6,12
6,0
3,0
3,0
40,0
0,2
4,0
1,6
0,2
1,6
1,0
5,2
3,37
3,0
165,0
0,1
0,16
11,0
49,0
3,47
1,0
0,2
5,0
1,0
0,1
0,1
1,12
3,0
7,180
1,0
0,2
0,6
5,0
0,7
69,0
0,19
2,0
0,167
3,13
67,4
1,12
7,0
8,0
2,0
0,8
3,117
0,2
25,5
3,38
3,0
2,0
1,0
2,0
1,4
12,23
144,25
1,0
0,4
4,0
0,3
0,0
21,0
21,3
0,5
0,10
3,0
0,168
0,20
6,0
4,9
0,1
1,0
1,0
1,122
29,3
21,29
1,0
1,0
1,0
0,32
1,0
7,72
8,1
5,2
0,0
5,0
0,4
4,0
4,0
0,99
1,1
3,186
17,0
0,0
0,20
5,0
1,0
2,0
206,0
0,8
1,0
9,0
5,0
0,9
3,0
2,0
5,0
5,43
1,0
1,0
1,0
0,13
1,0
9,0
31,32
0,16
2,0
6,0
55,0
35,1
1,0
1,0
0,2
2,70
0,1
1,0
1,0
3,1
3,0
159,43
1,47
1,0
1,0
1,0
1,0
1,0
0,2
1,0
1,0
0,16
1,0
37,16
1,0
1,14
2,0
5,43
0,1
0,0
3,34
5,44
1,3
3,0
1,0
1,0
4,56
61,5
2,0
0,31
0,1
1,0
1,0
1,0
1,0
0,10
1,7
0,1
11,0
7,5
4,0
116,73
1,0
0,7
4,0
1,0
1,1
303,6
0,1
5,0
0,2
5,0
1,0
0,50
1,0
136,52
207,0
2,0
0,11
1,0
3,0
8,96
1,0
0,71
0,9
37,0
1,0
4,0
8,118
12,56
1,0
1,1
2,0
0,13
1,0
2,4
1,0
0,0
8,0
0,7
0,1
14,16
1,0
1,0
6,0
0,3
0,15
17,0
4,0
2,0
0,5
4,0
3,0
1,0
0,8
16,155
1,0
1,0
159,3
0,69
9,0
41,0
2,0
224,184
1,0
1,0
81,0
0,47
4,0
671,12
3,0
1,73
14,275
2,0
2,1
1,50
16,0
2,0
2,24
0,162
0,0
1,0
0,5
116,0
6,10
0,1
3,0
0,11
5,0
0,17
0,8
48,112
1,29
1,0
2,0
60,11
1,0
1,0
1,0
0,14
0,10
0,16
1,0
21,0
1,0
2,0
0,0
5,6
3,8
5,0
0,6
1,28
0,5
1,0
0,39
0,3
3,0
36,16
7,0
1,0
0,1
0,1
1,0
3,4
3,0
25,12
2,4
6,0
5,0
83,0
0,2
7,0
18,0
6,0
463,0
0,4
2,0
6,1
5,62
32,1
59,1
1,0
21,5
5,0
3,0
0,1
1,1
1,0
0,11
0,0
9,0
0,5
0,5
0,5
1,0
0,8
0,0
116,14
3,1
1,0
1,0
11,0
4,0
135,0
0,2
4,1
0,40
1,0
0,3
0,0
1,0
1,0
3,0
0,1
2,0
1,0
0,53
0,8
0,12
4,0
3,0
0,16
0,10
0,3
0,25
1,48
186,46
0,1
17,21
3,0
3,4
1,0
0,21
7,0
0,2
1,0
0,1
0,52
2,0
1,5
0,94
1,0
2,0
2,0
4,0
2,0
2,0
5,0
0,4
3,0
4,0
0,1
0,27
0,2
10,0
0,2
4,0
1,0
0,1
6,0
5,0
0,17
2,3
0,17
1,0
0,2
64,0
2,6
169,0
1,0
0,139
1,0
1,0
0,16
212,30
2,0
1,0
8,0
0,2
0,2
1,0
0,20
6,0
43,0
73,0
1,0
0,3
1,0
13,0
1,0
51,37
12,94
0,1
2,0
3,0
2,0
1,10
79,0
1,0
1,0
1,40
3,0
10,6
1,0
0,2
4,0
3,0
0,1
4,49
1,0
0,2
6,6
2,0
4,0
23,3
0,23
2,0
1,0
2,0
11,0
3,0
0,0
0,5
0,6
0,50
0,1
4,91
1,0
20,0
0,11
2,26
0,0
1,0
29,0
2,42
1,24
1,0
0,1
0,0
0,3
171,0
6,0
0,2
1,0
0,2
4,2
0,8
44,0
9,0
1,0
2,0
0,0
4,3
0,9
0,21
0,4
198,26
7,0
1,0
0,1
303,0
0,3
1,0
2,0
0,1
3,0
7,0
76,41
5,0
1,0
1,23
0,85
2,0
0,1
3,0
1,14
1,49
0,8
1,0
7,0
1,0
0,4
1,0
12,48
1,0
25,25
0,0
1,2
142,0
12,0
1,1
1,0
4,0
4,0
1,0
7,0
1,0
70,39
3,0
20,38
4,2
74,0
7,0
3,41
7,0
0,0
1,1
0,8
146,0
10,1
0,5
1,0
2,0
4,0
0,244
3,13
4,0
4,0
1,5
11,2
26,0
32,9
0,38
0,15
1,12
24,0
1,29
0,4
3,0
0,18
4,0
25,0
0,1
0,31
5,0
1,0
2,0
6,2
3,0
0,3
0,26
1,0
1,0
15,80
0,0
2,0
10,0
7,0
0,11
0,35
101,0
4,0
1,0
0,2
6,0
218,0
2,0
8,0
12,1
1,0
1,0
3,0
4,0
8,0
2,0
0,3
0,48
2,0
1,0
112,16
1,0
0,3
0,5
15,6
2,0
0,8
4,8
0,71
4,0
0,1
0,5
3,0
1,2
4,0
2,64
44,0
7,0
0,47
0,30
2,0
0,0
0,1
1,0
6,0
1,0
2,0
113,127
1,20
3,0
55,43
0,19
16,0
1,0
2,0
16,0
2,0
0,0
2,0
61,90
1,0
1,0
0,0
0,4
22,2
2,0
0,1
0,3
0,3
10,0
3,0
0,25
6,0
0,4
5,0
38,18
0,1
3,0
0,57
21,131
1,0
0,12
3,129
1,0
12,0
2,0
0,4
0,1
0,8
645,36
11,0
3,0
2,0
99,0
1,1
28,88
1,160
0,2
10,0
92,0
16,1
2,0
1,0
1,0
2,61
0,134
0,15
13,0
3,55
6,0
12,0
0,34
0,7
2,0
0,3
0,1
10,1
0,19
6,0
3,2
0,10
3,79
0,1
36,1
1,0
1,0
34,0
59,0
0,1
0,32
1,0
2,0
1,1
0,9
1,0
4,0
4,0
7,0
1,3
1,0
0,2
1,42
1,0
0,0
2,0
1,0
6,8
0,3
234,107
0,0
2,0
3,0
1,0
2,170
152,53
1,4
3,53
12,0
0,2
3,0
3,0
1,0
2,0
7,0
1,3
0,0
2,0
0,7
215,0
6,0
21,0
0,1
128,0
1,0
1,0
1,0
0,1
1,0
1,0
15,0
3,1
4,33
1,0
0,1
1,0
1,0
6,0
3,0
0,1
3,0
6,4
1,10
4,0
31,0
1,0
261,0
0,0
8,7
1,0
1,23
4,17
1,0
9,0
140,0
0,18
1,0
48,0
26,0
3,2
0,1
0,169
2,0
19,0
1,0
1,0
1,1
1,0
28,0
0,0
11,0
0,26
2,0
0,4
2,0
2,0
1,0
1,0
14,0
4,0
3,0
1,0
0,4
27,9
2,50
17,0
2,0
1,0
0,24
0,17
26,9
59,13
7,11
0,5
1,22
27,1
19,0
2,0
1,0
5,0
0,3
0,0
1,0
9,0
0,21
4,7
1,0
0,4
6,0
16,25
1,9
1,0
1,0
0,0
0,2
4,24
2,0
0,1
1,0
2,0
5,1
1,0
0,0
2,0
1,0
42,0
10,0
0,7
164,21
1,1
6,64
3,0
1,25
0,87
2,40
0,87
6,14
2,1
0,2
1,0
0,22
4,12
1,0
11,0
4,1
1,0
0,0
1,0
0,9
0,5
1,0
0,3
