in_degree_group_A,out_degree_group_A
1,0
1,0
0,0
0,1
2,0
0,32
2,0
0,4
1,0
1,0
0,1
0,0
15,1
28,0
2,0
1,0
2,0
1,0
0,13
4,15
1,0
0,81
0,0
1,0
2,0
2,0
1,0
1,0
0,0
0,14
51,0
1,0
2,0
4,0
0,17
1,0
0,0
1,0
0,0
0,11
0,0
0,0
7,0
2,0
3,36
7,0
3,0
1,0
2,0
19,0
5,0
1,0
2,0
1,0
25,0
1,0
1,0
8,0
3,0
2,0
8,0
0,1
7,0
1,10
3,0
36,0
0,1
0,1
2,0
0,5
0,0
0,0
0,0
52,47
52,0
1,0
1,0
11,0
2,0
0,6
1,25
0,3
5,0
1,45
0,1
1,0
0,13
1,0
10,0
2,0
1,0
0,3
2,0
21,0
1,0
1,0
0,0
1,0
1,0
1,0
107,5
1,0
4,0
0,53
1,0
2,0
1,0
0,6
2,0
1,0
1,0
7,0
5,0
8,0
4,0
1,0
2,0
1,3
0,6
1,0
1,0
1,0
12,1
1,0
1,0
1,0
1,0
2,0
1,0
0,0
0,28
4,0
4,0
1,0
2,0
15,48
0,15
6,0
1,0
1,0
0,8
1,0
1,0
1,1
0,1
1,0
1,0
0,0
1,0
19,0
0,0
0,0
1,0
7,0
2,0
1,3
2,0
6,3
0,11
2,0
0,55
0,0
2,0
2,0
0,0
0,2
2,0
0,3
1,0
1,0
1,0
2,0
0,0
0,0
10,16
2,0
3,0
1,0
2,0
0,2
1,0
0,1
1,0
1,0
3,0
3,0
2,0
0,9
1,0
4,0
1,0
4,0
3,0
16,0
4,0
0,9
1,0
8,0
1,0
0,3
0,13
7,0
1,0
0,1
1,0
3,0
1,0
0,0
4,0
2,0
3,0
3,36
0,32
0,0
1,2
1,0
10,0
1,0
1,0
4,0
9,0
29,0
5,0
1,0
1,0
3,0
1,0
0,0
2,0
2,0
1,0
1,0
0,4
4,0
0,35
0,0
1,0
10,0
1,0
17,0
2,0
0,60
11,0
1,0
9,0
2,0
2,0
6,0
2,0
3,0
1,0
0,2
1,0
1,0
1,0
1,0
32,8
19,0
0,2
1,0
3,0
1,0
13,0
8,0
50,0
2,112
0,13
3,0
2,0
52,0
1,0
66,0
4,0
5,0
0,1
0,216
0,0
0,0
0,0
13,1
8,13
2,0
1,0
0,3
1,0
12,36
0,18
1,0
1,0
1,0
0,0
0,10
0,2
3,0
59,5
1,0
2,0
1,0
3,0
3,0
1,0
174,13
1,0
38,0
26,0
3,0
0,0
1,0
1,0
1,0
1,0
1,0
0,3
0,12
0,23
0,1
185,1
0,1
29,0
1,0
1,0
0,0
2,0
114,0
4,0
1,0
0,16
2,12
0,1
4,0
0,11
1,0
0,2
0,0
2,0
0,1
1,0
6,0
2,0
0,21
0,1
0,1
0,0
0,5
4,0
1,0
0,2
0,0
4,0
9,0
1,0
1,0
110,0
6,0
1,0
1,0
46,9
1,0
1,22
1,0
3,0
0,31
1,0
1,0
0,28
0,10
2,0
1,0
1,0
1,0
2,4
20,0
1,0
1,30
3,0
1,0
0,0
2,0
1,0
3,0
19,0
2,0
3,0
5,0
8,5
8,0
1,0
5,0
132,22
0,0
5,0
0,8
1,0
1,0
0,0
3,0
1,0
1,47
0,34
1,0
36,0
1,0
1,0
1,0
0,9
1,0
4,0
1,1
11,2
0,4
3,0
25,0
2,0
0,13
0,0
1,0
1,0
1,0
0,23
3,0
0,1
64,0
3,0
1,0
1,2
6,0
0,1
3,0
5,1
1,9
12,0
8,0
3,0
1,0
1,0
1,0
15,0
0,2
0,0
0,1
9,0
1,0
3,0
0,2
11,0
1,0
0,10
7,0
1,0
2,0
1,0
0,5
0,1
1,0
0,1
7,0
1,0
0,0
1,0
1,0
2,0
2,0
2,0
1,0
0,9
2,0
1,0
0,0
1,12
0,4
1,0
0,0
0,0
1,0
5,0
0,99
0,0
2,0
1,0
2,0
0,43
0,0
1,10
7,0
1,0
42,4
1,53
1,0
0,3
9,0
18,0
2,0
1,1
1,0
2,0
0,21
1,0
1,0
7,0
3,0
0,0
11,0
2,0
1,0
1,0
3,0
1,0
7,0
3,10
1,0
2,0
0,11
0,0
6,8
4,0
1,0
1,0
1,0
1,0
2,0
8,0
0,0
1,0
0,0
1,0
0,2
1,0
2,0
1,0
2,0
1,0
0,0
6,0
27,0
0,13
1,0
2,0
1,0
0,13
1,0
2,0
0,6
3,0
8,0
1,0
6,0
1,0
5,0
2,0
0,38
0,12
0,32
4,0
0,0
6,0
1,0
0,0
1,0
3,0
1,0
1,0
1,0
1,0
1,0
0,1
3,0
3,0
1,0
1,0
0,2
5,0
1,0
5,0
1,0
19,0
9,0
0,1
1,0
1,0
1,0
1,4
0,1
1,0
0,0
34,11
0,20
2,0
1,0
5,0
2,0
0,0
1,0
1,0
0,19
1,0
3,0
3,0
4,0
0,7
1,0
2,21
0,0
0,4
0,3
2,0
1,0
1,0
1,0
1,0
2,0
55,16
3,0
0,0
0,43
1,0
42,0
2,0
0,0
1,0
1,0
4,0
0,5
8,0
1,0
1,0
0,11
0,11
1,0
0,2
8,3
3,0
0,55
1,0
1,0
5,0
1,0
0,6
1,0
5,0
2,0
1,0
1,0
1,0
15,0
1,0
1,0
1,0
1,0
0,56
1,0
0,0
1,0
2,0
0,1
2,0
0,4
6,0
1,0
77,0
1,27
5,0
2,30
6,0
0,0
0,92
0,2
4,0
3,0
1,0
0,10
0,13
1,0
1,0
0,0
3,37
1,0
1,0
1,0
0,0
1,0
2,0
1,0
1,0
1,0
1,0
1,0
2,0
0,0
12,0
2,0
5,0
55,0
2,0
11,0
1,0
0,1
1,0
0,6
0,1
0,6
0,18
0,2
0,2
19,0
0,0
7,0
4,0
1,1
0,0
3,8
8,5
1,0
25,115
1,0
1,0
2,0
2,23
0,7
1,0
1,0
0,5
1,0
0,0
1,0
2,0
11,0
2,0
0,22
14,8
1,0
0,1
26,1
2,0
4,3
65,0
2,0
2,0
2,0
1,2
0,40
2,0
4,0
2,12
1,0
1,0
0,19
8,0
6,0
4,0
2,0
1,0
1,0
1,0
0,34
0,0
2,0
0,23
6,0
1,0
0,5
4,0
1,0
0,0
0,0
1,0
30,0
3,0
14,0
1,0
3,0
0,5
4,13
0,16
1,0
0,24
0,63
3,0
11,28
1,0
41,0
0,73
2,0
10,0
0,0
0,0
3,5
1,0
2,0
1,13
1,0
0,3
0,0
0,1
0,8
0,1
0,117
6,0
6,21
0,61
0,9
1,0
0,3
2,92
1,0
0,1
1,0
52,0
3,0
5,0
1,0
1,0
44,0
29,0
0,5
1,0
0,9
9,0
1,0
4,0
0,1
1,0
0,2
1,32
1,0
2,0
0,14
4,0
0,2
1,0
1,1
1,0
3,0
0,5
7,0
0,105
6,0
1,0
0,4
1,0
4,0
3,0
0,24
0,2
0,1
0,3
2,0
24,0
1,0
1,0
0,18
1,0
26,0
1,0
2,6
1,0
1,0
1,0
4,0
9,0
1,0
1,0
0,0
1,0
1,0
1,36
330,2
0,0
1,0
0,0
1,2
3,0
3,1
1,0
1,0
0,0
0,6
2,0
0,10
6,20
35,0
1,0
1,13
1,0
2,0
1,0
0,16
0,0
39,10
1,0
0,0
1,0
2,0
2,58
3,0
5,0
1,0
1,0
11,0
0,168
1,0
1,0
22,0
0,23
1,0
1,0
10,0
1,0
0,7
1,0
1,0
1,0
7,6
6,0
0,0
2,0
0,0
1,0
1,0
2,0
1,0
1,0
1,0
0,85
1,82
59,0
16,0
1,0
40,0
9,0
0,2
3,0
0,1
1,0
0,7
0,11
1,0
0,2
2,0
0,26
1,0
0,3
1,0
1,0
2,0
2,0
1,0
0,9
11,1
0,2
1,0
4,8
0,0
2,0
1,0
0,9
0,0
1,0
4,35
2,0
8,0
1,0
0,0
0,8
1,31
1,0
1,0
59,0
9,11
0,2
1,0
1,0
1,0
1,0
4,0
1,0
1,0
5,0
0,9
101,1
3,0
2,0
1,0
3,0
0,0
0,2
0,4
1,0
0,17
1,0
2,0
0,0
6,5
3,0
0,3
1,0
1,0
0,17
6,0
0,0
3,0
3,0
1,0
1,0
1,0
2,0
0,1
3,0
1,0
1,0
10,0
6,0
1,0
1,0
0,0
3,0
4,0
1,0
1,0
1,0
4,3
36,103
0,12
3,0
0,0
2,0
1,0
1,0
1,0
1,0
4,0
0,0
1,0
0,0
33,0
0,42
0,0
0,6
2,0
6,0
3,0
2,0
20,0
2,0
3,0
6,0
0,125
1,0
1,0
2,0
1,0
6,9
0,4
3,22
1,0
1,0
0,6
3,0
0,2
8,11
0,9
0,94
1,0
0,0
1,0
0,0
2,0
1,0
1,0
1,0
1,0
0,13
2,0
4,0
1,0
0,1
1,0
0,5
0,1
16,0
1,0
2,0
1,0
17,0
2,0
22,7
1,0
1,0
2,0
0,3
1,0
0,1
1,0
0,28
3,0
100,0
1,0
1,0
1,0
1,0
1,0
0,0
5,12
1,0
66,2
2,0
1,0
0,3
1,0
4,0
10,0
3,0
1,0
0,4
0,0
1,1
1,0
65,17
0,2
2,0
3,0
1,0
2,0
82,0
0,4
5,0
0,4
1,0
1,0
1,0
3,0
5,0
1,0
0,27
0,5
2,0
2,0
4,0
1,0
4,0
3,0
0,4
0,10
1,0
0,0
2,0
1,0
2,0
0,1
0,4
5,0
0,0
21,0
2,0
0,0
1,0
0,0
3,0
1,0
1,5
2,0
0,0
9,0
1,0
0,13
1,0
0,1
0,9
2,0
0,7
0,61
63,0
1,0
7,0
0,0
3,0
1,0
2,0
2,5
1,0
7,0
0,3
0,0
1,0
24,0
4,0
0,42
0,0
1,0
2,0
8,0
1,0
4,0
0,4
12,0
26,0
5,0
1,0
3,0
21,0
2,3
1,0
0,13
80,59
2,0
4,0
9,0
1,3
12,0
0,0
2,0
1,0
0,3
1,0
4,0
2,0
4,0
3,0
1,0
0,30
4,0
0,1
3,0
3,0
1,0
54,0
24,38
29,0
0,65
14,0
0,4
1,0
2,2
12,300
0,8
2,0
0,1
0,2
0,19
1,0
2,0
1,0
81,0
5,0
1,0
0,0
0,0
2,0
0,24
0,2
1,0
4,0
1,0
4,0
1,0
0,2
0,1
0,85
1,0
1,0
0,0
1,0
8,0
0,12
3,0
2,0
1,0
1,0
0,0
2,0
3,0
1,0
0,5
5,0
1,0
1,0
1,0
3,0
0,0
4,0
0,30
1,0
0,11
7,1
0,25
1,0
7,0
2,66
1,0
3,0
1,0
0,17
6,0
1,0
33,0
0,0
0,25
1,0
0,0
3,0
1,0
1,0
0,0
5,0
0,3
1,0
0,3
0,211
13,17
8,0
1,0
0,1
1,0
0,10
2,0
1,0
1,0
1,0
11,7
0,1
28,0
0,0
1,0
1,0
3,0
0,0
7,0
1,0
5,0
2,0
5,0
11,0
2,0
0,0
2,0
2,0
0,1
0,13
4,0
2,0
0,0
0,0
6,0
1,0
3,0
6,0
1,0
1,0
2,0
1,0
0,0
22,0
3,0
0,1
1,0
1,0
2,0
3,24
0,0
18,0
0,2
1,0
1,0
1,0
0,8
7,0
1,0
1,3
2,0
1,0
0,2
0,4
1,0
7,0
2,0
2,2
0,0
2,0
2,0
1,2
5,0
0,15
1,0
0,9
1,9
0,2
1,0
1,0
0,3
1,0
1,0
1,0
2,0
1,0
0,1
0,0
1,0
0,0
4,0
1,0
2,0
1,0
1,0
0,0
1,0
0,1
0,0
1,0
1,0
0,322
2,0
0,13
1,0
1,0
1,0
1,5
0,14
1,57
2,0
0,68
1,0
2,0
0,3
61,0
4,0
3,104
1,0
4,0
6,0
1,0
1,0
20,0
1,0
1,0
0,10
1,0
0,1
1,0
1,0
4,0
0,0
0,17
0,24
1,0
0,32
0,43
1,0
10,0
0,21
0,1
2,0
53,2
0,0
1,0
5,0
0,3
3,41
3,0
34,0
2,34
11,0
2,0
3,0
7,0
4,0
2,9
0,0
18,0
31,0
0,0
8,0
5,0
1,0
1,0
0,0
5,17
0,6
1,0
1,0
0,0
90,34
4,0
5,0
1,26
1,0
5,0
1,0
0,52
1,0
3,0
0,0
2,0
0,0
0,6
0,12
1,0
6,0
2,0
1,0
1,0
4,0
5,0
1,0
1,0
0,2
1,0
0,13
0,5
0,6
2,0
3,138
1,0
2,0
5,0
1,0
3,0
1,0
1,0
2,0
1,0
15,36
0,9
2,0
2,0
0,2
0,0
3,0
2,0
1,0
0,2
1,0
5,0
2,0
1,0
0,12
5,0
0,1
1,1
1,0
1,0
3,43
0,8
3,0
0,0
16,4
1,0
5,0
1,0
1,0
0,0
0,0
2,0
9,15
42,0
4,0
3,0
2,0
0,12
1,0
1,0
0,77
1,16
68,1
0,108
1,0
0,18
2,0
1,0
9,0
1,0
0,5
1,0
1,0
1,0
2,7
1,0
0,0
2,0
0,1
5,0
0,29
0,29
2,75
3,0
1,0
1,0
0,1
0,1
0,3
1,0
5,0
3,0
1,0
1,0
3,0
1,0
0,1
0,1
0,3
1,0
0,2
30,0
10,0
0,22
0,7
4,0
0,1
1,0
0,0
0,1
0,14
0,12
1,0
1,0
0,105
1,0
1,0
1,2
99,8
2,0
4,0
12,0
1,0
5,0
1,0
1,0
1,0
0,12
1,0
1,0
0,2
0,6
19,0
0,23
4,0
0,177
0,3
21,0
1,0
1,0
2,0
9,0
1,0
16,0
14,0
33,0
0,4
5,0
1,0
1,0
1,0
3,0
4,0
1,0
2,0
0,68
1,0
10,0
0,0
1,0
3,0
1,0
1,0
3,0
1,0
7,0
4,0
1,0
0,2
1,0
0,1
8,0
0,0
0,37
1,0
1,0
1,4
1,0
1,0
0,17
2,0
1,0
9,0
1,0
0,14
3,0
2,0
33,0
0,0
0,0
0,8
0,8
1,0
1,0
40,0
10,0
1,0
0,3
2,0
1,12
0,5
0,0
0,13
1,37
2,0
0,0
1,0
0,1
1,0
1,0
2,1
0,2
35,0
1,0
2,0
1,0
0,14
0,1
0,6
1,9
2,0
1,0
3,0
0,49
1,0
2,0
8,0
1,0
4,1
0,7
0,0
62,0
0,11
1,0
0,22
1,0
1,0
3,0
517,4
1,0
0,2
2,7
22,0
0,2
3,0
3,2
0,9
11,0
1,0
0,1
1,0
0,4
1,0
19,0
1,0
1,0
0,3
1,0
1,16
1,0
1,0
0,7
3,0
4,0
2,0
0,0
0,1
3,0
1,0
11,0
0,0
0,2
0,0
2,0
1,0
1,0
1,0
1,0
3,0
0,2
0,0
1,0
1,0
0,12
3,0
3,0
0,4
0,72
2,0
2,0
1,0
0,33
2,0
3,0
0,0
1,0
0,0
0,5
1,0
7,0
0,0
1,0
1,45
1,0
1,0
0,25
9,0
2,0
4,0
0,0
0,0
1,0
4,23
1,0
2,0
0,2
1,0
1,0
0,3
4,0
0,0
15,45
1,0
1,0
6,0
0,0
3,0
0,49
13,0
3,0
3,0
0,4
1,0
4,0
4,0
1,0
2,0
4,0
1,0
2,0
3,0
24,0
1,0
6,0
0,6
63,0
0,4
0,0
1,0
4,0
0,0
1,0
0,3
1,0
0,1
1,0
0,0
0,6
6,0
0,0
0,7
1,0
0,13
1,0
1,0
13,46
1,0
0,1
27,13
1,0
1,0
2,0
0,10
1,0
14,3
0,7
1,0
3,0
2,0
3,0
2,0
0,6
1,0
1,0
0,0
0,19
0,102
1,0
1,0
1,0
1,0
1,0
1,0
5,12
4,0
113,0
4,0
2,0
2,0
2,0
1,0
1,0
0,0
1,0
1,0
1,0
14,0
1,0
1,0
32,0
4,0
1,0
0,5
1,0
0,0
0,27
0,0
1,0
1,0
12,1
1,0
2,0
1,6
2,16
4,0
1,0
2,0
2,0
0,19
0,17
0,0
1,0
7,0
4,0
2,0
1,0
3,0
7,0
9,0
1,46
1,0
10,0
1,0
1,0
0,5
2,0
1,0
1,0
33,4
16,173
1,0
2,0
1,0
1,0
0,0
2,0
0,0
0,2
0,4
2,0
0,14
1,0
0,8
0,25
3,0
1,0
4,0
9,0
13,0
0,6
2,0
0,4
5,2
2,6
0,0
2,0
2,0
1,0
2,0
1,0
0,2
2,56
5,0
1,47
14,0
1,0
0,1
0,14
0,0
2,0
2,0
0,0
1,0
1,0
2,0
1,0
2,0
2,0
2,0
0,1
1,0
2,0
61,0
3,0
2,8
2,0
2,0
1,0
1,0
1,0
0,0
2,0
1,0
0,3
0,1
1,0
1,0
4,5
0,11
0,6
6,0
0,0
1,0
0,5
10,0
6,5
1,0
1,0
1,0
4,0
0,0
2,0
4,0
1,0
0,0
1,0
2,0
5,24
2,0
1,8
6,0
4,0
2,54
0,3
0,1
1,0
0,5
0,5
8,0
1,0
119,0
2,0
5,0
0,27
0,0
1,0
1,0
28,0
4,0
5,0
2,0
1,0
24,0
4,0
3,0
0,66
4,12
2,0
6,0
1,0
0,28
3,9
27,0
0,2
1,0
4,0
2,0
1,0
5,0
15,0
0,14
3,0
2,0
0,2
18,0
2,0
1,0
2,0
0,10
0,24
0,23
0,2
0,1
4,1
1,0
0,0
1,0
4,0
1,0
1,28
1,0
1,0
1,0
6,0
27,3
1,0
9,0
1,0
1,0
0,0
0,0
5,0
2,0
0,0
1,0
1,0
3,0
4,0
0,0
1,0
1,0
0,0
2,1
3,0
6,0
0,7
1,0
47,0
0,0
2,0
0,0
6,0
5,0
3,0
13,0
0,4
1,0
0,5
3,0
1,0
1,0
2,0
0,18
3,0
1,0
5,0
4,0
0,7
0,1
3,0
1,0
2,0
0,0
2,0
1,0
0,50
2,0
1,0
3,0
2,0
0,12
1,0
39,71
1,0
0,3
0,26
5,0
1,0
1,0
0,24
1,0
1,15
5,0
0,2
6,0
4,14
1,0
5,0
1,0
1,0
2,0
0,0
1,0
0,11
1,0
5,0
0,0
1,0
1,0
11,0
0,0
0,92
1,0
0,11
14,0
7,0
0,51
1,0
1,0
1,0
4,41
1,0
1,0
22,0
2,0
3,0
2,6
1,0
3,0
0,0
0,41
3,0
0,11
1,0
2,0
1,36
1,0
1,0
0,11
19,0
2,0
0,8
1,0
6,0
16,12
35,0
1,0
1,0
2,0
1,0
12,0
1,0
0,1
47,0
0,42
1,0
1,0
1,0
1,0
0,0
2,0
2,0
4,0
2,0
0,6
0,1
2,0
2,0
1,0
1,0
19,0
0,61
0,1
0,3
7,0
3,0
0,4
2,0
4,0
6,0
0,0
1,0
2,2
18,0
3,0
1,0
13,0
9,0
0,0
0,0
4,0
1,0
5,3
1,0
1,0
0,2
0,18
0,7
3,0
0,0
9,0
0,0
0,18
1,0
1,0
1,0
0,2
2,10
23,0
1,0
6,0
0,27
2,0
4,0
7,26
1,0
0,60
5,0
8,0
2,0
1,0
1,0
2,0
1,0
2,0
5,1
0,2
0,4
40,0
3,0
50,13
80,0
1,12
3,0
1,0
0,7
2,5
1,0
0,17
1,0
0,1
1,0
2,0
0,99
0,5
1,0
1,0
4,4
1,0
1,0
1,0
63,5
1,0
0,1
2,0
5,0
1,0
1,0
35,0
3,0
1,0
0,0
2,0
0,5
3,0
15,0
1,0
11,0
1,0
2,0
1,0
3,0
0,0
1,0
0,6
1,0
0,8
1,0
2,0
3,12
2,0
11,0
2,0
0,10
1,0
6,0
5,0
2,0
1,0
6,0
3,0
0,8
0,6
5,0
3,3
1,0
1,0
1,0
1,0
1,0
2,0
4,0
1,0
1,0
10,0
0,25
1,0
1,0
0,41
4,0
1,0
0,1
16,17
0,1
1,0
2,0
12,0
10,0
2,0
13,0
1,0
1,0
0,5
0,51
3,0
0,3
7,28
1,0
0,0
2,0
0,1
0,0
1,0
1,0
0,4
1,0
92,0
0,12
9,0
0,3
2,0
0,0
4,0
5,0
0,0
0,33
0,0
49,0
2,0
16,0
1,0
28,0
1,0
1,0
3,0
1,0
1,0
0,0
10,0
71,0
1,0
1,0
0,0
16,0
0,3
2,0
2,0
1,0
1,0
2,3
11,0
11,0
5,0
0,5
0,0
3,0
5,3
1,4
1,0
3,0
0,0
1,0
3,0
1,0
2,0
1,0
1,0
1,0
0,8
1,7
18,0
0,5
52,0
2,0
0,0
0,29
21,0
9,0
2,0
28,0
0,17
1,0
1,0
1,0
0,18
1,0
2,0
0,0
2,0
3,0
1,0
0,1
104,1
0,0
4,0
1,0
1,0
1,0
6,4
2,0
1,0
0,14
1,0
1,21
1,0
1,0
0,5
123,19
1,0
1,0
4,0
3,0
1,0
3,0
5,0
1,0
0,1
0,1
1,0
1,0
185,28
20,0
1,0
3,0
2,0
1,0
0,0
0,0
2,0
0,0
2,4
2,0
0,11
0,1
1,0
2,0
0,1
0,2
1,0
2,0
0,3
1,0
1,170
0,9
0,3
0,0
0,0
0,4
12,0
1,0
1,0
1,0
0,71
2,0
0,4
2,0
1,0
3,0
30,0
0,0
2,0
45,0
6,0
1,0
1,0
1,0
1,0
1,0
2,0
0,20
0,0
2,0
4,0
13,0
7,0
1,0
8,0
34,0
0,45
0,0
2,0
1,0
1,0
1,0
1,0
5,0
2,0
1,0
0,31
2,0
4,0
1,0
2,69
1,0
1,0
0,17
0,2
9,0
0,4
1,0
1,0
0,0
115,0
75,3
0,2
0,7
1,0
0,1
5,0
2,0
0,0
0,12
2,0
0,3
0,10
1,0
0,0
6,0
1,0
1,0
1,0
0,37
1,0
1,0
1,0
1,0
94,0
0,0
1,0
3,0
3,26
4,6
1,0
0,1
0,0
0,20
94,0
2,0
1,0
1,0
3,0
0,0
0,10
0,0
10,0
5,0
1,0
2,0
1,0
0,3
0,12
1,0
0,0
4,0
0,1
3,53
2,0
3,0
1,0
1,0
261,15
1,0
0,0
5,0
1,0
3,0
0,1
0,0
0,82
1,0
1,0
4,2
43,83
3,0
1,0
2,0
1,0
2,0
25,0
13,0
7,22
2,0
1,0
0,2
9,7
1,0
28,0
1,0
0,0
5,0
8,0
1,0
0,17
0,11
6,0
2,0
9,0
1,0
1,0
1,14
2,0
1,0
1,0
0,9
1,0
0,0
23,4
0,0
4,0
2,0
0,0
1,0
0,8
1,0
20,14
1,0
0,1
0,16
0,1
1,0
1,0
1,0
1,0
0,2
1,0
23,4
2,0
4,0
0,0
0,19
1,0
1,0
1,0
2,0
0,0
2,0
1,0
1,0
1,0
0,18
2,3
13,0
0,2
1,11
0,0
0,5
1,0
0,8
0,1
0,0
0,6
0,0
0,2
1,0
47,0
0,1
0,0
0,0
1,0
1,0
1,0
1,0
9,0
0,12
4,0
0,2
2,0
0,0
1,0
0,6
9,0
3,0
3,8
0,4
1,0
3,32
3,0
0,0
0,13
0,18
1,0
1,0
8,0
4,0
1,0
3,0
1,0
1,12
8,13
0,2
1,0
1,0
1,0
2,0
1,0
6,0
8,7
0,0
2,0
0,10
1,0
1,0
2,0
7,0
0,0
3,0
5,0
0,1
4,0
0,4
3,0
1,0
5,0
22,162
1,0
3,0
0,0
2,0
4,0
0,10
1,0
1,0
2,0
1,0
0,0
2,0
1,0
203,14
2,0
3,0
1,0
13,0
1,0
1,0
2,0
34,0
1,0
3,0
5,7
2,0
1,0
2,0
1,0
1,0
1,0
1,0
0,73
5,0
1,0
2,0
1,0
5,45
39,7
1,0
3,0
6,81
89,0
1,0
3,0
6,0
2,0
7,0
1,0
2,0
0,0
0,14
1,0
5,0
1,0
2,0
6,0
0,10
0,5
2,0
1,2
0,0
1,0
6,0
1,0
3,0
0,0
6,0
14,0
0,5
5,0
0,14
0,18
1,0
1,0
1,0
1,0
1,0
1,0
0,0
0,13
0,0
0,2
1,0
6,0
0,13
1,0
1,0
4,0
0,0
1,0
2,0
0,7
1,26
149,0
0,0
1,0
5,0
1,0
0,2
1,0
0,11
3,0
0,6
0,5
2,0
0,3
0,19
0,26
4,0
0,0
5,0
1,0
9,0
321,0
0,0
12,0
1,0
1,0
0,0
2,0
0,3
2,0
2,0
1,0
31,0
0,2
2,0
1,0
1,0
0,2
1,0
4,0
4,0
10,0
3,0
0,0
10,0
1,0
1,0
0,0
1,0
1,0
3,0
1,0
1,30
0,0
47,0
87,1
0,50
0,10
1,0
1,0
1,0
0,0
1,0
0,6
0,1
0,0
1,0
3,0
6,0
0,42
0,0
0,0
38,0
0,40
119,0
1,0
13,0
3,0
2,0
1,0
13,0
0,4
0,9
3,0
3,0
1,0
1,0
3,0
2,0
11,0
0,33
0,12
0,5
0,0
1,0
1,0
1,0
2,0
4,0
0,2
1,0
0,2
0,0
1,15
2,0
3,0
1,0
0,0
2,0
1,0
7,0
0,1
8,0
4,14
15,28
0,2
1,0
0,12
1,0
1,0
0,0
1,3
11,0
0,17
5,0
1,0
1,0
1,0
0,1
1,0
0,3
1,0
37,3
50,1
3,0
1,0
1,0
0,2
3,0
2,0
1,0
0,47
8,0
1,0
0,64
0,4
1,0
3,0
1,0
1,0
1,0
1,0
1,0
1,0
1,0
1,0
1,0
2,0
1,0
0,3
0,15
1,0
19,2
0,4
3,0
3,0
3,0
0,3
1,0
0,1
5,0
0,0
10,0
6,1
1,1
1,42
1,0
29,0
1,0
2,0
6,0
0,1
1,0
1,0
0,1
0,40
0,52
2,0
1,0
1,0
0,0
1,0
0,36
9,0
1,0
0,2
0,1
1,0
1,1
1,5
0,0
0,0
0,0
12,0
1,0
2,0
6,0
110,0
0,0
3,0
2,1
0,0
0,20
2,0
5,0
1,0
1,0
9,0
0,4
4,0
1,1
1,0
1,0
1,0
31,42
1,0
1,0
1,0
0,15
1,0
4,0
12,0
12,0
0,1
1,0
1,0
1,0
4,0
5,0
0,10
1,0
0,12
2,0
0,1
1,0
5,0
33,0
0,0
1,0
40,0
7,0
0,94
0,3
0,5
0,4
1,0
0,22
11,0
1,3
0,3
0,35
0,0
1,0
99,0
1,0
210,1
2,0
0,4
1,0
15,0
17,0
0,0
0,14
1,0
126,0
0,41
3,0
1,0
1,0
0,4
14,4
2,0
0,0
0,2
1,0
0,15
2,0
4,0
1,0
5,0
9,0
9,9
0,1
0,107
1,0
0,5
3,0
1,0
1,0
1,11
48,16
18,0
7,0
3,0
2,0
0,13
0,6
39,0
1,0
2,0
1,0
0,10
4,53
1,0
1,0
0,51
1,0
2,0
0,27
0,6
1,0
3,0
0,0
1,0
1,0
1,0
2,0
0,11
1,0
1,29
144,3
4,0
5,0
6,0
2,0
6,0
9,0
0,0
1,0
2,0
1,0
1,0
1,0
1,0
1,0
0,4
4,0
0,10
1,0
3,0
1,0
6,0
6,0
1,0
0,2
0,4
1,0
1,0
0,0
3,0
1,0
3,0
1,0
9,10
1,0
2,0
3,0
1,0
1,0
0,1
1,0
1,0
3,0
4,0
20,0
0,2
33,0
0,2
3,0
6,0
1,0
95,10
9,0
0,2
0,5
1,0
1,0
1,0
0,0
1,17
1,0
0,6
1,0
4,0
2,0
0,1
4,0
24,0
1,0
1,0
1,0
1,0
72,2
2,0
0,0
0,0
2,0
1,0
1,0
1,0
1,0
0,0
2,203
2,0
0,0
2,11
0,5
3,73
2,0
1,0
2,0
0,11
0,4
0,0
1,0
1,0
0,36
90,0
0,10
0,0
0,16
1,0
0,0
1,0
43,0
1,0
3,0
6,0
1,0
0,26
1,0
1,0
0,9
0,12
2,0
3,25
2,0
1,0
0,3
13,0
4,0
0,31
0,0
0,5
0,0
10,0
0,24
1,0
0,4
1,0
2,0
0,9
0,9
1,1
2,0
4,0
1,33
0,0
1,0
2,21
1,0
1,0
23,0
1,0
1,0
20,1
1,0
5,8
0,3
2,0
10,0
1,0
0,3
1,0
1,0
0,1
1,0
0,2
2,0
1,0
0,23
0,0
0,0
3,0
4,0
54,0
0,0
1,0
1,0
3,0
1,5
1,0
2,0
0,0
1,0
1,0
8,65
1,0
0,2
0,9
0,2
1,0
4,0
0,3
82,0
1,0
20,0
39,4
13,0
1,0
0,4
0,0
4,71
0,0
0,2
3,0
0,1
1,0
1,0
0,18
0,0
1,0
0,0
1,0
1,77
2,0
0,5
1,0
1,0
0,32
0,2
0,1
11,0
1,0
0,9
1,0
1,0
1,0
5,0
2,0
1,0
1,3
1,0
1,0
7,0
1,0
1,0
1,0
1,0
8,31
26,0
2,0
1,0
0,2
0,2
0,1
3,13
10,0
0,0
1,0
9,0
71,0
4,0
2,0
5,0
17,0
2,0
1,0
1,0
4,0
1,0
1,0
3,0
4,0
1,0
0,4
0,0
4,0
0,24
1,0
0,4
0,0
18,0
0,0
4,0
3,0
3,1
0,0
1,0
0,0
0,27
2,0
1,0
0,2
0,0
1,0
1,0
45,0
11,0
0,16
0,28
1,0
1,0
0,39
1,0
2,0
0,109
1,0
0,17
1,0
1,0
2,0
0,0
1,0
0,0
1,0
1,0
9,0
12,0
0,0
8,0
26,4
0,41
0,0
1,0
0,4
5,0
0,1
0,3
1,0
1,0
5,0
0,0
0,2
1,0
1,0
1,0
1,0
1,0
1,0
29,133
4,0
0,0
1,0
0,1
2,0
38,0
0,0
1,0
0,0
2,24
0,217
2,0
0,1
1,0
0,0
4,0
1,0
1,0
1,0
0,35
0,6
2,0
0,7
0,1
1,0
15,0
2,0
163,7
2,0
67,0
0,24
3,0
0,0
1,0
3,0
2,20
1,0
2,0
1,0
1,0
23,0
1,1
1,7
1,0
1,0
1,12
0,6
1,0
10,0
0,4
0,1
1,0
0,2
1,0
1,0
1,0
0,5
0,7
9,0
1,0
1,0
2,0
2,0
1,0
0,0
3,0
18,0
45,0
0,0
1,0
1,0
2,0
1,0
2,0
0,34
0,1
1,0
1,0
0,5
1,0
4,6
0,7
4,0
0,9
1,0
2,0
0,6
1,0
1,0
1,0
0,0
8,0
1,0
0,0
16,0
1,0
0,15
4,0
8,0
1,0
0,3
11,0
7,0
5,0
3,0
68,0
75,0
9,0
0,7
8,0
0,0
0,11
1,0
5,0
2,23
0,16
3,0
4,0
2,0
10,0
1,0
3,0
1,0
0,6
1,0
2,8
118,97
3,0
1,0
1,0
2,0
0,3
0,8
0,0
4,0
1,0
0,9
0,16
24,0
2,0
17,7
2,0
1,0
0,7
0,7
8,0
2,0
0,1
5,0
1,0
0,2
54,57
1,0
2,0
1,0
1,0
0,38
0,18
3,11
7,0
0,5
1,0
0,1
0,3
1,0
1,0
0,2
1,0
2,0
0,1
0,0
0,2
0,0
0,0
83,37
3,0
5,0
5,0
2,0
1,0
0,0
32,3
0,1
1,0
0,0
1,0
7,13
6,0
8,0
9,0
2,0
1,0
0,3
1,0
0,2
1,0
1,0
0,15
1,0
1,0
7,0
4,0
1,0
4,0
1,0
48,0
13,8
3,0
1,0
25,39
1,0
4,29
0,1
0,7
0,0
0,28
15,0
4,0
1,0
6,0
1,0
0,13
1,0
0,0
0,1
2,0
2,0
1,0
2,0
0,1
21,14
1,0
3,0
0,27
0,1
0,1
1,0
19,0
0,0
3,33
5,0
0,9
1,0
11,0
1,0
2,0
3,0
60,8
0,0
0,7
3,21
0,71
6,0
0,0
2,2
0,0
14,0
0,0
1,0
0,31
2,0
4,0
1,0
2,0
2,0
37,0
4,0
1,0
0,13
0,87
7,0
1,0
1,14
0,6
1,0
0,0
1,0
0,30
1,0
7,0
0,126
6,0
6,0
0,7
50,10
2,0
1,19
0,0
2,0
1,0
49,13
1,0
1,0
1,5
2,0
0,11
13,8
1,0
4,0
0,34
1,0
3,0
0,11
0,5
0,4
2,2
2,0
124,0
3,0
0,0
0,8
1,0
1,0
17,0
6,0
6,0
1,0
1,0
0,12
4,0
0,23
0,1
0,5
1,0
3,0
3,0
10,0
1,0
2,1
1,0
0,3
1,0
1,0
0,0
1,28
0,29
1,0
2,0
1,0
1,0
2,0
1,0
1,0
1,0
5,0
0,0
0,2
0,0
0,13
2,19
0,0
0,1
93,123
0,2
1,0
16,18
2,0
0,3
8,2
1,0
0,9
11,0
1,0
2,0
1,27
0,4
0,6
17,184
1,114
2,37
0,46
1,0
5,1
5,0
0,0
17,0
5,0
0,0
1,0
2,0
0,0
0,2
1,16
0,0
10,3
1,0
6,0
2,0
2,0
0,11
0,15
0,0
0,0
1,0
1,0
1,0
0,1
3,0
0,5
21,0
1,0
1,0
1,0
5,0
38,20
3,0
4,0
0,0
1,2
1,0
0,0
2,0
0,5
1,0
1,0
0,14
1,0
0,2
22,0
0,0
27,0
0,44
1,0
0,1
0,2
0,8
13,0
1,0
0,3
1,0
1,0
1,0
5,0
1,0
1,0
3,0
0,0
5,0
0,7
2,42
1,0
2,0
34,0
1,2
1,0
1,0
0,37
1,0
0,0
35,0
1,0
4,0
10,0
2,0
1,0
0,1
4,0
1,38
2,0
1,0
0,0
2,0
0,1
1,0
4,0
1,0
2,11
1,0
0,1
19,18
2,0
4,0
11,25
0,0
1,0
7,0
0,37
1,0
2,0
0,0
0,0
2,0
21,0
3,0
1,0
1,0
1,0
1,104
1,0
1,0
1,0
2,0
1,0
4,0
80,0
1,0
5,0
1,0
15,0
2,0
0,0
1,0
98,0
59,0
9,0
1,0
0,123
2,0
1,0
3,0
1,0
0,1
0,3
3,0
0,0
4,0
0,27
1,0
2,0
0,0
4,0
1,0
0,0
1,0
5,1
3,0
1,0
0,0
0,11
1,0
1,0
5,0
0,0
1,0
28,0
2,0
0,51
1,0
8,0
6,0
20,0
0,4
0,1
0,0
0,9
2,0
24,0
8,0
0,1
0,46
0,11
1,269
0,2
3,0
1,0
1,2
1,0
1,0
0,6
0,27
0,9
1,13
2,37
3,0
3,0
0,17
1,0
0,15
3,0
0,0
37,1
1,0
1,0
7,14
0,8
1,0
0,1
2,0
3,0
0,3
1,0
1,0
3,0
1,0
0,5
0,0
1,0
1,0
0,18
65,0
0,5
0,0
1,0
1,0
1,0
1,0
0,5
2,0
0,0
28,0
0,7
2,0
0,18
1,0
1,0
14,0
1,0
1,0
1,0
1,0
3,0
1,0
1,0
0,8
1,0
1,0
5,34
0,0
11,0
0,0
3,0
61,4
0,1
1,0
4,0
3,0
1,0
12,0
1,0
0,0
5,0
1,0
0,67
1,0
0,14
6,0
0,0
1,0
4,0
0,0
1,0
0,25
3,0
1,0
0,18
2,27
1,0
1,3
2,0
1,0
4,0
1,0
1,0
1,25
0,1
1,0
2,0
0,8
3,0
1,0
11,0
3,24
1,0
0,13
1,0
0,26
5,0
2,0
1,0
34,9
2,1
1,0
0,1
1,0
0,5
0,3
1,0
0,0
1,9
0,6
1,0
5,0
0,3
1,0
6,0
1,0
0,0
0,3
7,0
0,4
2,0
2,0
3,0
3,0
0,5
4,0
1,0
2,0
1,0
0,4
2,0
3,0
1,0
0,0
1,0
0,0
0,13
1,0
1,22
122,0
1,0
5,0
1,0
0,13
0,7
4,0
0,5
0,13
20,32
1,0
2,0
2,0
0,1
0,0
1,11
8,0
0,0
57,0
1,0
1,0
4,0
1,0
17,90
0,13
0,22
1,0
3,0
0,1
2,0
30,18
1,0
2,0
4,0
2,0
1,0
2,0
4,0
0,0
1,0
1,0
0,5
0,0
11,0
7,0
1,0
1,0
0,1
1,0
3,0
2,0
4,0
0,0
1,0
0,0
2,0
1,0
0,0
1,0
1,0
1,0
13,0
0,16
0,16
1,0
12,0
2,0
1,0
4,0
0,0
1,0
3,0
0,0
3,79
2,0
0,4
0,0
1,0
0,0
0,14
0,2
1,0
1,0
4,0
2,8
1,0
0,0
1,0
2,0
2,0
5,0
62,4
0,3
4,0
0,19
16,0
1,0
0,35
3,0
0,38
4,75
1,22
16,0
0,0
0,24
1,0
2,0
29,0
1,0
0,0
1,0
12,0
1,0
1,0
2,0
6,63
2,0
10,0
2,0
2,0
2,0
0,0
0,2
0,7
4,0
2,0
2,0
1,0
0,0
2,0
0,2
116,0
1,0
0,11
0,0
0,30
1,0
1,0
7,0
0,8
2,0
0,13
1,26
2,0
0,2
1,0
1,0
2,0
1,0
0,0
2,0
4,23
0,3
5,0
1,0
0,6
1,0
4,0
1,0
4,0
33,0
1,0
0,0
1,0
2,0
1,0
1,0
4,0
0,0
12,0
0,1
4,0
5,0
1,2
13,0
1,0
109,26
0,4
0,6
0,6
1,0
0,2
0,4
0,0
1,0
0,0
1,0
1,0
0,8
0,0
1,0
2,0
3,0
4,0
2,0
0,3
30,0
11,0
0,2
1,0
2,0
0,0
30,0
23,0
17,0
7,0
2,0
5,0
3,0
1,0
0,1
0,0
1,0
5,0
1,0
1,0
3,0
0,11
1,0
0,0
2,6
0,0
2,100
3,0
4,0
0,7
26,0
0,41
0,0
3,0
0,2
15,2
1,26
1,0
0,10
1,0
30,28
2,0
0,4
0,0
9,0
0,0
1,0
0,0
2,0
1,0
0,2
1,0
6,0
217,2
1,0
0,42
0,1
1,0
1,0
4,0
2,0
2,0
1,0
1,0
3,0
0,6
23,0
7,0
1,0
1,0
1,0
2,0
2,0
0,0
12,0
0,3
4,14
0,3
1,0
0,6
1,0
8,0
0,64
6,0
1,0
0,8
0,57
3,0
1,0
1,0
1,0
1,0
0,12
17,0
0,38
1,0
11,0
8,0
44,0
1,0
0,0
0,45
12,0
17,14
1,0
58,5
6,0
0,0
3,0
32,8
0,3
6,0
0,3
0,0
3,0
0,11
0,0
1,0
1,0
5,0
0,4
0,0
1,0
18,0
2,0
2,0
7,0
3,0
0,2
2,0
1,0
0,1
1,0
12,0
1,0
0,3
2,0
0,0
41,60
2,0
1,0
1,0
10,0
5,0
0,0
0,2
0,36
8,0
2,0
1,0
2,0
7,0
1,27
2,0
2,0
1,0
0,0
4,0
0,0
1,0
0,0
1,0
35,5
1,0
1,0
1,0
3,0
0,36
1,0
3,0
1,0
3,0
8,0
0,3
30,0
0,4
2,0
0,0
2,0
6,16
0,1
2,0
4,0
0,3
0,6
1,0
2,0
1,9
2,0
3,0
18,0
5,5
0,30
2,0
0,13
0,1
0,8
1,0
1,0
5,0
8,0
0,0
2,0
1,24
0,1
1,0
0,29
1,0
2,0
1,0
0,12
0,45
0,1
0,157
2,0
0,6
1,0
0,0
0,0
1,0
0,0
0,0
3,0
0,17
1,0
19,0
1,0
0,4
1,0
34,0
1,8
1,0
35,0
1,0
15,0
1,0
0,0
3,0
2,41
15,4
1,0
6,0
0,10
1,0
0,2
2,0
14,0
4,0
0,98
1,0
2,0
1,0
0,5
0,13
1,0
1,0
0,1
2,0
1,0
2,0
1,0
2,0
0,149
1,0
2,0
102,19
1,0
6,0
8,0
1,0
1,0
0,1
1,0
1,3
1,0
0,0
10,0
0,0
0,0
0,0
0,0
0,0
0,14
1,0
1,0
0,5
0,7
0,0
0,53
1,0
1,0
1,0
1,0
1,0
0,1
65,0
0,100
2,0
2,0
1,0
0,0
0,12
2,0
1,0
1,0
6,0
1,0
0,3
1,0
4,0
0,72
0,2
1,0
0,0
1,3
1,0
1,3
2,0
26,0
2,0
2,0
7,0
6,0
1,0
2,0
0,7
2,0
6,0
1,0
2,0
2,0
1,0
0,0
1,0
3,0
0,5
1,0
2,4
0,0
0,22
1,0
1,3
5,0
1,3
1,0
1,0
1,0
2,0
0,23
0,0
0,0
0,4
2,0
8,0
2,0
0,0
1,0
4,0
0,0
2,0
0,3
1,0
0,0
0,0
1,0
1,0
0,7
0,0
1,0
1,0
0,0
0,24
0,2
1,0
4,0
2,0
0,2
1,0
1,0
10,0
3,0
1,0
6,0
1,0
1,0
3,0
2,0
0,1
0,13
1,0
2,0
7,0
1,0
2,0
3,0
1,0
1,0
0,3
76,55
9,0
0,0
5,0
2,0
1,0
1,4
2,0
1,0
1,0
3,0
122,0
0,3
10,0
2,0
5,0
8,27
3,0
1,0
1,0
0,0
0,3
1,16
0,0
17,0
3,0
1,0
9,0
1,0
99,0
0,0
0,23
1,0
15,0
2,0
0,0
1,0
0,0
7,0
1,0
1,0
0,0
22,6
1,0
1,0
1,0
12,0
11,0
0,0
4,0
3,25
1,0
1,0
16,0
1,0
2,0
6,0
0,10
29,0
0,2
1,0
1,0
0,17
2,0
1,0
2,0
0,0
0,13
1,0
0,0
4,0
0,3
1,0
0,8
4,0
1,0
3,112
4,0
1,0
3,3
1,0
1,0
11,0
1,0
0,50
1,0
0,0
14,9
0,1
1,0
6,0
45,7
1,0
1,0
0,7
0,11
0,37
11,5
0,0
9,0
0,23
0,2
0,0
1,0
2,0
1,0
1,0
1,0
2,0
2,0
0,10
20,0
1,0
2,0
14,0
6,0
2,0
1,0
1,0
2,0
6,0
4,0
1,0
1,0
2,0
0,1
2,0
0,0
0,8
15,0
1,0
0,4
0,9
5,0
0,0
1,12
0,0
0,0
1,0
0,2
1,0
1,15
1,0
1,0
4,0
1,0
3,0
1,0
0,1
1,0
33,0
0,1
20,0
1,0
37,0
3,1
0,0
2,0
2,0
0,0
1,0
1,9
5,0
3,0
0,2
0,2
1,0
48,2
0,47
1,0
1,0
5,0
4,1
1,0
5,0
0,1
21,0
13,0
1,0
1,0
1,0
0,0
0,3
0,8
0,63
1,0
1,1
10,0
0,31
0,55
1,0
0,0
1,0
3,0
0,1
1,0
4,0
0,164
1,0
1,0
0,4
1,0
1,0
0,14
1,0
1,0
1,0
2,0
1,0
9,26
0,0
0,1
0,18
1,17
2,0
5,178
0,10
1,0
10,0
0,0
1,0
1,0
1,0
0,0
9,0
2,0
1,0
1,0
3,0
1,0
0,0
0,0
0,53
0,180
0,0
1,0
1,0
0,0
1,38
0,1
1,0
2,0
1,0
0,2
1,0
0,23
2,0
0,7
0,0
6,0
4,0
2,33
0,21
1,0
0,0
3,0
0,0
12,0
9,0
0,0
1,0
9,0
0,2
22,0
0,0
3,0
0,21
4,0
0,3
0,18
0,0
0,0
0,1
2,0
5,0
1,0
1,0
1,0
1,0
1,0
2,0
0,17
0,1
1,0
17,20
3,0
1,0
0,7
17,0
1,0
2,0
16,51
14,0
8,0
1,0
1,0
2,0
1,0
1,0
5,0
1,0
0,12
1,0
0,0
3,0
1,0
1,0
0,0
0,0
1,0
3,0
0,0
0,0
0,0
0,42
0,19
1,0
1,0
1,0
20,0
4,0
4,0
0,0
2,0
1,0
2,0
2,0
1,0
7,0
2,0
1,0
0,1
4,0
1,0
1,0
1,0
0,0
1,0
1,0
0,2
5,0
4,0
12,4
0,0
1,0
2,0
1,0
0,4
4,0
6,0
0,0
0,32
1,0
7,0
0,9
3,0
1,0
0,9
1,0
0,2
4,0
2,0
8,0
0,38
2,0
3,0
6,0
9,2
0,2
1,0
1,0
2,0
39,0
0,1
0,1
1,0
45,0
0,0
4,0
0,27
0,7
0,2
0,5
1,0
1,0
0,1
1,0
0,1
0,1
1,0
0,2
1,0
0,0
2,0
1,0
21,0
3,0
15,0
2,0
2,0
1,0
0,0
1,13
4,0
1,0
13,41
0,2
0,18
2,0
1,0
4,0
6,0
2,0
0,4
0,28
8,3
0,13
4,0
1,0
196,8
1,0
4,0
30,0
1,2
0,0
1,0
1,0
1,0
3,0
0,10
2,0
20,0
3,0
1,1
3,0
8,0
1,0
3,0
1,0
10,0
102,0
2,0
0,17
0,21
0,34
0,0
14,2
5,0
11,0
2,0
1,0
1,0
0,0
1,0
2,0
0,4
0,9
1,0
0,0
3,0
9,0
1,0
0,4
1,0
6,0
1,0
1,0
1,0
7,0
10,0
1,0
1,0
4,0
5,0
5,0
2,0
0,2
2,0
1,0
0,4
2,0
0,0
9,0
0,0
1,0
3,30
3,0
2,0
3,0
0,13
1,0
0,1
1,0
1,0
1,0
1,0
1,0
11,0
3,0
1,0
1,0
19,1
0,0
3,0
3,0
0,0
1,0
2,58
140,10
1,0
54,0
5,0
2,0
0,0
3,0
2,0
3,0
4,0
3,8
1,0
1,0
1,0
12,0
0,0
5,0
2,0
1,0
0,15
0,1
2,0
3,25
0,55
0,14
0,19
1,0
2,0
0,4
0,0
0,19
6,0
2,0
7,0
4,0
1,0
0,3
12,0
4,6
4,0
2,0
2,0
1,0
0,1
1,0
0,2
0,19
19,0
6,0
1,0
24,7
0,0
1,0
1,0
0,4
0,1
1,0
103,0
1,0
4,0
1,0
25,0
1,0
1,0
0,2
2,0
29,21
7,0
1,0
1,0
71,38
26,0
1,0
2,11
0,5
2,0
1,0
1,0
0,1
1,0
1,0
1,0
2,0
1,0
0,2
1,0
1,0
0,5
0,3
8,0
0,16
11,0
8,0
0,21
2,0
2,0
1,0
1,0
2,0
1,0
1,0
10,0
2,0
1,0
1,0
0,2
1,0
2,0
1,0
1,0
2,0
1,0
1,0
1,0
1,0
1,0
1,0
1,0
0,1
0,1
0,0
7,0
1,0
0,1
1,46
0,2
2,0
6,0
0,3
1,0
1,0
1,0
1,0
0,0
0,0
1,0
0,41
1,0
5,0
2,0
2,0
2,0
2,0
1,0
2,0
4,0
118,0
3,0
7,4
2,0
1,2
1,0
0,9
5,0
1,0
2,0
1,0
3,0
6,0
1,0
0,4
2,0
2,2
1,0
1,0
6,0
1,2
1,0
0,0
3,0
4,0
0,6
2,0
0,2
1,0
5,0
0,20
1,0
1,0
1,0
1,0
1,0
1,0
0,42
1,0
0,3
116,5
0,2
0,9
1,0
1,0
1,0
1,0
2,0
6,10
15,0
1,0
0,0
1,18
0,18
0,134
1,0
4,0
1,0
0,1
3,0
0,7
2,42
1,0
2,0
0,0
4,0
0,1
1,0
0,14
0,78
0,4
0,39
3,4
1,0
1,0
3,0
2,0
1,0
2,0
17,48
1,0
3,0
99,5
0,0
1,0
1,0
4,2
9,0
0,0
4,0
1,0
1,0
0,4
5,0
3,0
0,0
0,7
1,0
1,0
1,2
1,0
1,0
2,0
0,4
1,0
0,2
1,0
1,0
0,2
3,0
7,0
1,0
0,0
3,0
0,1
1,0
0,2
0,0
22,0
1,0
1,0
0,0
3,0
1,0
1,0
8,0
3,0
1,0
0,6
1,0
7,0
1,0
0,0
2,0
3,0
1,0
38,0
12,0
0,0
34,0
0,5
2,0
8,0
0,1
1,0
1,0
0,8
6,0
2,0
0,2
2,0
1,0
4,0
1,0
1,0
0,27
0,26
1,0
1,0
0,0
51,6
2,0
1,0
0,51
1,0
1,0
1,0
1,0
2,23
0,0
18,0
1,0
1,0
3,0
1,0
0,4
0,3
2,0
0,19
3,0
0,0
0,17
0,24
1,0
3,0
3,0
6,0
0,66
3,0
4,0
5,0
0,0
7,0
3,0
3,0
2,0
2,0
14,0
2,0
1,23
2,0
1,0
0,10
1,0
0,5
2,0
0,37
1,0
1,0
2,0
2,113
0,0
0,8
1,0
9,0
2,0
0,0
14,7
4,0
56,0
1,0
9,0
0,1
2,0
2,0
3,0
1,0
5,0
11,0
1,0
1,0
1,0
12,0
1,16
0,1
1,0
1,0
2,0
0,3
3,0
2,0
1,0
1,0
1,0
3,0
2,0
0,4
1,0
3,0
7,0
1,0
0,99
0,0
25,20
1,0
1,0
6,0
12,0
1,0
1,1
2,0
1,0
2,0
1,3
1,0
0,3
0,3
1,0
2,0
1,0
3,10
0,5
1,0
1,0
1,0
57,0
1,0
0,0
1,12
1,0
0,0
2,0
5,0
1,0
1,0
1,0
1,0
0,0
18,5
1,20
3,0
0,43
7,0
2,0
0,28
10,0
8,21
11,0
0,0
1,0
1,12
2,0
56,0
1,0
1,0
1,0
1,0
1,0
1,0
1,0
1,0
1,24
3,0
0,3
2,0
1,0
2,0
1,0
0,0
0,3
1,0
1,0
5,0
1,0
2,0
0,6
0,50
4,0
5,0
4,16
3,0
1,0
3,0
0,2
0,1
0,45
1,25
0,34
2,0
5,0
1,0
16,0
0,1
0,3
0,3
0,2
0,0
2,0
1,0
1,0
1,0
1,0
0,3
32,0
2,32
1,0
9,0
1,0
30,0
25,10
1,0
4,0
11,13
1,0
0,108
4,0
0,15
0,1
1,0
5,0
30,0
1,0
0,0
8,0
11,0
3,0
1,0
1,0
50,0
3,0
115,0
1,14
10,0
5,0
1,0
0,2
0,0
3,0
1,0
1,0
1,0
2,0
1,0
2,0
1,0
2,0
10,0
1,0
1,0
1,0
0,3
3,16
91,0
0,0
0,49
1,0
1,0
0,2
0,4
26,0
3,10
0,0
1,0
0,2
2,0
1,0
1,0
0,0
1,0
1,0
2,0
9,0
1,0
1,0
5,0
1,0
47,0
0,0
4,0
4,0
1,0
1,0
2,0
81,0
1,0
0,2
4,0
2,0
1,0
2,0
2,0
1,0
1,0
0,15
0,6
3,0
1,0
1,0
1,0
0,9
5,0
1,0
21,7
0,10
2,0
1,0
9,0
16,0
0,8
0,6
0,4
0,0
2,0
0,0
1,0
1,0
5,0
23,0
0,0
0,0
0,3
1,0
0,0
1,0
1,0
1,0
12,0
1,0
2,0
28,0
1,0
16,0
0,7
1,0
1,0
1,0
9,48
1,0
1,0
0,0
1,0
4,0
0,14
0,1
19,0
1,0
1,0
1,0
8,0
0,5
5,0
0,0
0,0
0,8
4,0
1,0
4,0
1,0
16,0
1,0
0,0
1,0
1,0
29,0
1,0
1,0
0,5
5,0
1,0
3,0
1,0
1,0
1,0
1,0
0,1
2,0
1,0
2,0
0,2
0,34
15,0
0,1
2,0
0,2
1,0
0,48
0,30
0,13
0,1
0,9
1,0
8,0
1,0
3,0
19,0
1,0
0,8
23,0
2,3
2,0
1,0
1,0
0,6
1,0
1,0
0,4
1,0
0,1
1,0
7,0
3,0
4,1
0,0
1,0
25,0
1,0
0,3
1,0
0,8
14,0
1,0
1,0
0,11
0,0
5,0
73,0
4,0
0,0
1,0
0,0
2,0
0,9
1,0
11,0
1,0
0,0
11,0
6,0
0,0
1,0
28,0
21,0
0,0
2,0
1,0
2,0
1,0
1,0
0,1
0,0
3,0
2,0
1,0
2,0
1,0
3,0
0,0
1,0
3,0
3,0
0,0
0,2
0,1
1,0
1,0
2,0
4,0
0,0
3,0
0,1
8,0
4,0
1,0
1,0
0,9
2,0
6,0
0,13
0,3
1,0
0,1
2,0
0,54
0,2
1,0
0,0
0,2
2,0
1,0
0,2
1,0
0,0
5,0
2,0
1,1
0,0
15,0
0,0
0,2
4,0
2,0
0,2
1,0
1,0
10,10
1,0
0,5
5,0
3,2
0,0
2,0
0,0
0,1
9,5
1,0
1,0
5,0
1,0
0,3
0,2
1,0
3,0
2,0
0,3
3,0
13,0
2,0
2,0
0,1
0,0
1,0
1,62
1,0
1,0
1,0
1,0
0,37
27,0
0,0
5,0
1,0
21,0
1,0
1,0
53,0
1,0
0,0
29,19
2,0
1,0
0,15
1,0
0,2
1,0
5,0
3,0
2,0
1,0
1,0
0,18
1,0
2,0
1,0
2,0
1,4
0,0
10,0
1,0
1,0
1,0
2,0
1,0
0,0
5,0
3,0
0,0
6,0
2,0
3,0
0,0
0,5
2,0
3,0
0,0
10,29
0,9
1,0
1,0
8,6
0,0
1,0
3,0
1,0
0,0
11,4
2,0
0,33
0,23
17,51
2,0
0,37
1,0
1,44
0,0
0,8
0,20
0,2
2,0
0,1
1,0
0,4
0,0
34,13
1,0
96,0
0,0
0,0
1,0
1,0
1,9
0,4
0,0
0,0
2,0
1,0
4,0
0,42
0,8
2,0
72,2
35,0
0,26
1,0
1,0
1,0
4,0
1,0
0,0
0,0
1,0
1,0
1,0
6,0
1,0
1,0
2,0
3,46
0,59
1,0
1,0
0,0
1,0
99,0
0,1
0,0
2,0
0,4
1,0
9,0
0,28
1,0
6,0
2,0
1,0
1,0
1,0
1,0
0,0
0,0
2,0
1,0
1,0
62,0
2,0
1,0
0,0
0,0
3,0
1,0
1,0
1,0
0,0
1,0
5,0
2,0
26,7
2,0
2,0
13,0
4,0
2,0
0,0
85,0
0,9
0,18
1,23
1,0
1,0
4,0
1,0
1,0
1,0
0,20
13,0
3,0
17,0
1,0
2,0
1,0
2,0
0,4
1,0
1,0
1,0
1,0
4,0
1,0
1,0
0,3
6,0
1,0
2,0
2,0
1,0
1,0
1,0
1,0
2,0
6,0
1,0
1,0
1,0
0,39
1,0
1,0
1,0
2,0
5,0
6,2
0,3
1,20
2,0
4,1
2,0
0,1
48,2
0,0
2,0
0,1
2,0
23,0
1,0
0,0
4,0
0,2
21,5
1,0
6,0
0,1
82,11
48,0
0,45
1,0
1,0
1,0
0,4
0,1
1,0
0,1
0,0
57,3
2,0
0,36
0,13
4,0
2,0
0,19
14,0
0,3
1,0
1,0
18,39
2,0
8,0
9,0
0,17
1,0
84,11
12,0
2,0
75,0
0,0
5,18
5,0
2,91
1,0
1,0
1,0
1,0
0,17
1,0
0,0
8,0
4,0
1,0
2,0
33,0
1,3
123,0
1,0
4,0
1,0
1,0
0,1
1,0
1,0
3,0
2,0
10,0
11,0
3,0
27,0
1,0
2,0
1,0
1,0
0,1
0,0
1,0
1,0
32,13
1,0
0,3
3,0
0,0
1,0
2,0
0,13
1,0
1,0
9,0
0,0
4,0
0,0
1,0
1,0
0,6
0,1
1,0
1,0
1,0
0,4
1,0
1,0
3,0
4,0
55,0
1,0
1,0
1,0
0,4
1,0
7,7
7,0
1,4
0,0
1,0
0,4
0,11
3,0
0,9
5,0
7,0
4,0
1,1
0,9
0,13
0,9
0,5
3,0
1,2
0,1
12,4
0,9
0,0
0,0
1,0
2,0
1,0
7,0
0,3
0,9
0,14
62,0
1,0
13,0
1,0
1,0
1,0
1,0
1,0
5,0
4,0
1,0
0,0
0,7
23,0
0,2
1,0
0,1
3,0
1,0
1,0
5,3
69,5
1,0
0,4
1,0
0,1
7,0
2,0
1,2
0,4
1,0
1,0
3,0
0,0
1,0
0,6
1,0
0,4
1,0
1,0
16,0
1,7
1,3
0,1
0,4
2,0
0,0
1,36
1,0
1,0
2,0
1,0
0,46
2,0
1,0
1,0
0,35
0,3
2,0
1,0
0,0
5,0
0,9
0,7
1,0
1,0
0,3
4,0
0,8
1,0
1,0
0,6
0,2
0,3
1,0
0,5
6,0
3,0
0,7
1,0
1,0
3,0
2,0
0,4
0,0
30,0
1,0
0,0
1,0
1,0
69,102
90,0
2,0
13,0
0,27
0,6
0,0
1,0
2,0
3,0
2,0
0,0
2,0
10,0
1,0
1,0
1,0
2,0
4,0
3,0
16,20
1,0
1,0
1,0
1,0
1,0
1,0
0,10
1,0
1,0
2,0
1,0
0,1
1,0
0,6
1,0
1,0
1,0
1,0
1,0
3,0
1,0
1,3
0,24
1,0
1,8
2,0
3,0
5,0
108,7
1,0
1,0
1,0
0,59
4,0
2,0
4,29
1,0
1,0
0,0
2,7
1,0
1,0
6,0
39,4
26,0
0,0
0,9
0,7
1,0
2,0
1,0
32,0
1,0
2,0
1,0
1,0
1,0
0,0
3,0
1,0
3,0
1,0
8,0
0,0
4,0
1,0
4,0
0,12
96,10
0,0
0,11
4,0
1,1
14,14
0,26
0,3
0,1
22,0
1,0
0,0
1,0
3,0
1,12
1,1
0,15
0,8
5,0
2,0
7,0
4,0
7,0
1,0
11,9
6,0
1,0
1,0
102,1
1,0
0,0
0,0
0,0
1,0
9,0
3,0
1,0
18,0
45,0
16,0
4,0
0,37
15,1
2,0
34,0
1,0
1,0
0,2
0,0
0,15
1,0
1,0
0,1
1,0
1,0
0,4
0,13
1,0
0,4
0,0
1,0
2,0
2,0
0,7
2,0
6,0
12,0
0,0
1,0
1,0
1,0
53,0
3,0
0,0
9,0
4,0
17,0
0,6
1,0
1,0
1,0
1,0
2,0
0,0
0,0
1,0
3,0
3,0
1,0
2,0
1,0
0,33
1,0
6,0
0,92
1,0
0,6
0,0
2,0
0,7
0,115
4,0
1,0
5,0
2,0
15,0
0,3
2,0
5,0
0,3
1,0
2,0
0,1
1,0
1,0
2,19
21,0
0,1
1,0
1,0
1,0
1,0
1,0
0,0
0,2
0,5
7,0
1,0
1,0
0,1
1,0
2,0
0,0
55,23
2,0
1,0
0,0
2,0
0,0
1,0
2,0
1,0
1,0
2,0
9,0
6,0
1,53
0,4
4,0
1,0
18,0
8,22
0,3
14,0
1,0
1,0
6,0
3,0
1,0
48,0
7,9
5,0
2,0
1,0
6,0
1,0
1,0
3,0
1,0
51,0
0,6
0,0
4,0
1,0
0,1
14,0
0,5
2,0
5,0
0,50
3,0
6,0
0,0
13,12
4,0
11,0
0,4
4,0
1,0
2,0
1,0
1,0
1,0
1,0
0,3
0,65
3,0
0,63
8,0
2,8
2,0
2,0
2,0
0,11
2,0
1,25
0,28
0,10
1,2
3,0
0,1
1,0
1,0
0,23
1,16
0,6
2,2
0,7
0,0
0,2
1,0
1,0
2,0
3,0
1,0
6,0
2,0
2,0
0,1
2,0
11,0
0,5
1,0
0,30
0,16
3,83
1,0
83,2
0,5
1,0
1,0
11,0
0,1
0,6
1,0
1,10
2,0
0,4
1,0
0,5
0,2
0,4
0,8
2,0
5,0
2,0
1,3
0,21
0,0
1,0
2,0
97,5
2,0
3,0
18,0
3,0
1,0
13,0
0,6
1,0
0,4
2,0
62,4
0,1
5,0
1,47
1,0
15,0
1,0
3,0
1,0
2,0
0,3
0,18
11,0
0,0
1,0
0,22
1,0
5,0
2,0
1,0
3,0
1,0
0,15
1,0
0,1
0,2
10,0
5,0
1,0
1,0
1,0
1,0
16,37
1,31
0,0
0,0
0,1
1,0
0,0
4,0
0,4
0,12
0,1
2,0
0,7
7,0
5,0
0,0
0,1
0,56
2,0
1,0
1,0
0,7
0,1
1,52
4,0
17,0
1,0
2,0
6,73
0,0
5,0
0,1
3,0
2,0
1,0
0,0
7,0
1,0
2,0
0,7
3,0
2,0
3,0
0,2
4,0
0,17
2,7
4,0
2,0
1,0
1,0
1,0
1,0
1,0
3,0
0,2
1,0
0,6
1,0
1,0
0,0
0,23
0,9
1,0
2,0
1,0
6,0
0,71
6,4
0,2
26,0
1,0
12,6
0,0
0,34
2,0
1,0
3,0
2,0
0,0
1,0
0,4
0,18
1,0
2,0
0,11
1,0
99,0
3,0
1,0
3,0
1,0
1,0
9,0
1,0
1,0
1,0
2,0
2,0
9,0
2,0
0,2
0,0
0,1
8,0
1,3
1,0
0,0
5,0
10,0
2,0
2,0
16,0
10,14
1,0
0,48
0,0
1,0
1,0
5,0
6,3
0,0
1,0
1,0
0,0
1,0
0,9
2,0
1,0
1,0
0,9
5,38
1,0
10,0
0,4
1,1
0,0
1,23
1,0
2,0
1,0
1,1
1,0
1,0
1,0
43,0
0,0
0,0
7,0
0,4
3,0
1,0
0,1
1,0
33,0
28,0
1,0
1,0
0,0
5,0
5,0
1,0
0,0
4,0
12,0
2,0
4,4
5,0
1,11
4,0
7,0
1,0
0,0
1,0
1,0
18,0
0,0
0,10
0,0
3,0
1,0
7,0
4,0
6,7
13,6
6,0
1,8
2,0
1,0
1,0
3,0
1,0
49,0
0,19
1,0
4,0
1,0
0,0
16,0
0,36
0,6
1,53
0,2
128,0
0,0
8,0
2,0
1,0
7,0
1,0
4,0
0,8
7,0
1,0
3,21
1,19
0,7
0,16
9,0
0,22
0,0
2,0
0,12
3,0
1,0
1,0
0,11
8,0
5,0
3,0
1,0
0,0
1,0
1,0
0,5
4,0
0,8
0,8
1,0
0,7
1,1
1,0
2,0
2,0
1,0
10,0
0,0
28,0
0,2
32,1
10,0
1,0
11,0
1,0
1,0
1,14
1,0
0,0
7,46
1,0
0,0
0,22
1,0
0,2
0,8
0,1
0,7
1,0
1,0
1,0
1,0
24,0
2,0
3,0
2,27
0,0
1,0
3,0
8,0
5,0
3,0
6,0
1,0
3,1
1,0
1,0
0,0
1,63
1,0
2,0
1,0
0,0
9,1
36,0
1,0
3,0
2,0
0,11
1,0
1,0
1,0
3,0
1,0
21,0
0,1
1,0
3,2
13,0
12,65
0,1
1,0
0,4
2,17
5,0
5,0
4,0
3,0
1,0
3,0
4,0
3,0
4,0
0,16
2,0
1,24
2,0
0,0
2,0
9,0
0,0
21,56
4,0
3,0
0,64
0,0
0,0
1,0
1,0
0,1
0,0
0,7
1,5
172,0
0,0
37,2
1,0
1,0
16,2
1,16
0,10
1,0
1,0
0,0
0,4
47,0
1,0
0,25
0,0
1,0
72,0
1,0
1,0
6,0
0,53
2,0
0,1
1,0
3,33
0,21
18,0
1,0
0,9
3,0
0,41
1,16
16,0
1,0
2,0
1,0
0,2
2,0
1,0
3,0
0,4
1,2
0,0
3,0
1,0
0,0
0,0
1,0
0,0
0,0
1,0
0,3
0,6
1,0
1,0
1,0
2,0
4,0
0,0
61,3
2,0
1,0
1,0
0,15
2,3
1,0
3,0
1,0
0,28
3,0
1,0
1,0
1,0
0,1
1,0
1,0
2,0
3,0
3,0
1,0
0,1
10,0
53,3
2,0
1,0
3,0
0,16
25,0
0,12
2,0
0,0
1,0
0,4
0,16
6,0
27,0
6,0
1,0
1,0
8,0
2,0
1,0
0,0
1,0
9,24
2,0
1,0
0,0
1,0
8,3
3,0
18,0
1,0
9,0
1,0
2,0
1,0
7,82
5,0
3,0
1,0
1,0
0,4
2,10
0,0
2,8
1,0
1,0
0,4
4,0
0,27
1,0
0,8
0,1
3,0
51,0
15,0
14,0
0,0
4,25
0,1
2,0
0,2
1,0
5,0
3,0
3,0
1,0
2,0
0,7
3,0
1,0
3,0
0,0
2,0
3,2
1,0
1,0
6,0
1,0
1,0
4,0
1,1
3,0
0,5
9,0
16,0
1,0
0,1
0,0
30,2
2,0
0,2
3,0
8,0
25,0
1,0
0,3
1,0
1,0
0,14
2,0
1,0
0,1
0,0
1,0
0,14
2,0
0,81
1,0
11,0
0,0
1,0
58,9
3,0
0,5
4,0
1,0
0,3
5,0
0,2
1,0
1,0
10,98
0,12
0,1
0,2
0,1
1,0
4,16
3,0
8,0
0,5
3,0
0,11
8,0
1,0
0,4
1,0
6,0
0,9
2,5
8,8
0,12
3,0
0,2
1,0
1,0
1,0
0,81
0,32
2,0
32,0
0,48
19,0
1,0
0,26
0,0
7,1
1,0
1,0
0,16
0,12
1,0
1,0
8,2
3,0
0,0
0,0
1,0
3,0
0,0
0,1
0,3
1,0
16,54
12,0
1,0
0,26
1,0
0,13
1,0
1,0
0,0
0,0
1,0
5,3
7,0
0,0
1,0
1,0
2,0
31,0
3,24
3,0
0,4
0,18
1,0
3,0
0,4
0,9
1,0
1,0
0,0
1,0
0,2
3,0
4,0
15,0
1,0
1,0
0,0
19,0
6,0
1,0
0,25
2,0
3,0
14,140
1,0
2,0
0,12
3,0
0,35
1,61
3,0
0,0
2,0
1,0
5,87
0,3
32,0
4,9
18,11
1,0
1,0
1,0
2,0
1,0
1,0
0,60
0,0
1,4
0,3
0,19
3,0
0,15
2,0
1,0
0,0
1,0
2,0
2,2
3,0
1,0
9,0
0,0
1,0
4,0
4,0
0,20
3,0
2,29
3,0
66,0
2,0
6,0
1,0
2,0
35,0
5,0
1,0
3,0
0,4
0,8
6,0
0,25
0,1
1,0
1,0
0,4
0,3
3,1
1,0
0,3
1,0
3,0
0,11
3,0
3,0
0,63
32,0
0,26
30,0
2,0
1,0
0,148
0,15
1,0
0,4
0,1
0,24
0,60
1,0
1,0
1,0
2,0
0,19
1,0
4,0
0,0
2,0
1,0
1,0
7,0
2,0
1,0
14,0
1,0
1,0
5,0
1,0
2,0
42,0
1,0
6,0
1,0
0,31
12,0
1,0
0,3
19,0
1,0
0,2
14,0
1,0
3,0
0,13
1,7
5,0
2,0
28,0
2,0
0,0
2,0
5,0
15,3
0,0
1,1
3,0
1,0
0,41
0,6
22,0
2,0
0,0
0,107
0,9
13,19
1,1
1,0
2,0
0,0
1,0
0,0
1,0
1,0
7,0
0,7
2,18
8,0
2,0
2,6
8,0
14,0
1,0
9,113
1,0
3,0
0,18
4,0
1,0
4,0
4,0
1,0
1,0
0,0
2,0
0,3
1,9
1,0
0,12
1,9
19,0
0,14
2,0
0,23
1,0
1,0
1,0
1,0
0,4
1,0
0,0
1,0
3,21
1,0
7,0
1,0
0,0
2,0
0,0
1,0
22,0
2,0
4,0
0,2
2,0
0,6
5,0
1,0
0,0
5,0
1,0
0,7
4,0
0,14
3,0
25,0
2,0
0,1
3,0
0,44
0,10
0,9
0,11
0,158
0,24
0,1
3,0
0,2
4,0
0,1
2,0
0,0
1,0
1,0
4,0
1,0
1,0
2,18
2,0
3,0
0,0
2,0
4,0
0,15
1,0
1,0
10,0
1,0
0,1
65,0
0,192
1,0
0,37
12,0
1,0
1,0
1,0
3,0
1,0
1,10
0,1
1,0
1,0
2,0
1,0
1,0
1,8
11,126
1,0
11,141
1,2
0,18
1,0
1,13
1,0
12,0
0,36
2,0
1,0
5,0
2,0
0,11
0,21
1,0
0,3
1,0
0,1
4,0
5,42
0,5
3,0
1,0
1,0
2,0
183,0
0,0
1,0
0,3
2,0
1,0
0,0
0,3
1,0
1,0
2,0
2,0
0,32
5,0
23,11
20,0
1,0
10,18
2,0
1,0
0,58
1,0
1,0
1,0
1,0
0,0
8,0
1,0
1,0
125,13
1,0
0,1
8,0
0,11
7,0
0,1
8,14
1,0
2,0
4,0
1,0
2,0
1,0
1,0
2,0
9,0
1,0
1,0
0,5
1,0
0,0
0,0
1,0
4,0
120,2
21,0
1,0
0,0
1,0
2,0
9,2
1,0
0,4
0,0
1,0
2,0
22,56
0,8
14,0
51,0
1,0
1,0
3,0
19,0
1,0
0,15
41,0
1,0
1,0
1,0
21,0
1,0
1,0
1,0
1,0
2,0
21,0
1,0
1,0
1,0
1,0
14,0
12,0
2,0
1,0
2,0
5,0
0,9
3,0
1,0
0,2
1,0
2,0
1,0
1,0
4,0
0,13
25,2
0,0
1,0
3,0
23,19
7,0
0,0
1,0
0,29
3,0
0,1
1,0
0,46
0,16
0,2
1,0
0,0
0,11
5,0
0,1
6,4
4,0
55,0
1,0
0,3
0,34
0,1
48,0
0,0
1,0
0,0
1,0
2,0
1,0
2,0
0,9
1,29
1,0
1,0
5,0
2,0
1,0
0,11
1,0
1,0
1,0
1,0
1,0
0,183
2,0
1,0
1,57
9,0
0,0
0,9
2,0
0,1
2,0
1,0
2,0
1,0
1,0
4,0
1,0
6,0
0,45
7,0
0,0
0,2
0,26
16,0
1,0
0,2
1,0
2,0
1,0
34,6
1,0
2,0
0,1
28,18
0,0
1,0
13,0
1,0
1,0
2,0
2,0
1,0
0,0
1,0
1,0
1,0
1,0
1,0
0,0
2,51
0,8
0,50
0,6
0,0
0,11
4,0
3,0
3,0
6,69
1,0
1,0
1,0
0,2
0,1
4,3
1,0
0,0
2,0
1,0
0,0
82,0
2,19
6,0
1,0
1,0
32,0
0,3
1,0
1,0
2,0
1,0
0,0
1,0
1,0
1,64
1,0
2,0
1,0
34,0
0,0
1,0
3,0
2,0
0,0
2,0
0,0
0,4
1,0
15,0
6,0
1,0
49,0
24,0
13,0
2,0
4,0
0,3
3,0
17,0
1,0
0,0
0,4
1,0
1,0
0,34
1,0
2,0
2,0
2,0
1,0
0,2
1,0
1,0
0,1
0,8
1,0
15,5
0,0
6,25
1,0
2,0
0,0
3,0
0,0
4,4
0,12
1,0
1,39
5,0
0,0
0,0
4,32
5,0
0,18
35,2
48,0
1,0
1,1
0,0
1,0
0,11
3,0
1,0
8,60
3,0
12,0
2,0
0,6
0,16
20,0
0,0
5,0
2,0
1,0
0,2
1,0
0,7
9,0
1,0
1,0
2,0
18,16
3,0
0,0
1,2
1,0
1,0
0,37
0,48
0,12
7,0
1,0
4,0
0,0
1,0
1,0
0,0
0,16
1,1
0,0
6,0
2,0
0,0
0,58
1,0
0,8
1,0
1,0
1,0
4,0
1,0
1,0
1,0
3,0
0,1
0,2
0,0
0,7
2,0
3,0
0,4
2,0
91,16
34,0
0,0
1,0
63,0
3,0
1,0
2,0
0,24
3,0
3,0
1,0
0,0
1,0
0,0
10,0
4,0
3,0
0,3
3,0
0,13
0,1
0,0
8,0
10,0
1,0
0,0
1,0
36,0
2,0
1,0
6,0
1,0
0,0
25,24
2,0
1,0
0,23
1,0
0,45
2,0
0,0
2,0
6,0
0,9
1,0
0,7
1,0
1,0
1,0
10,0
0,0
31,0
0,0
34,8
3,19
1,0
1,0
14,0
1,0
1,0
1,0
0,6
22,10
1,1
0,1
0,4
1,0
1,0
1,0
4,0
9,0
1,0
5,0
0,3
129,0
1,0
0,8
1,0
1,0
1,0
1,0
0,2
0,31
1,86
0,17
4,1
0,147
0,6
1,0
0,14
2,0
0,2
1,0
1,2
1,0
2,0
4,3
0,7
1,0
1,0
0,3
6,0
0,20
0,0
1,37
1,0
0,8
3,0
1,0
0,0
1,0
4,0
0,3
1,0
2,0
2,0
1,11
0,15
11,0
1,0
6,0
3,0
0,1
34,0
1,27
1,0
37,0
0,0
2,0
0,24
173,7
3,0
1,0
1,0
0,3
0,5
1,0
0,0
1,0
1,0
3,0
0,12
1,6
0,6
2,0
10,0
1,0
5,0
1,0
2,0
1,0
3,0
0,10
0,1
0,1
0,36
0,0
1,0
10,0
0,0
1,0
1,0
8,0
0,45
48,0
1,0
0,31
0,30
0,7
7,0
2,27
1,0
1,0
1,0
1,1
0,0
0,29
1,0
0,0
0,0
3,0
0,3
0,11
5,0
0,16
2,0
0,0
1,0
1,0
12,0
10,0
0,0
0,0
0,5
1,0
9,0
1,0
2,0
0,0
3,0
2,0
1,0
0,8
0,1
5,0
1,0
1,0
7,0
2,3
1,0
1,0
0,2
4,0
5,0
6,0
6,0
2,0
1,0
1,0
1,0
1,0
1,0
2,0
0,0
9,43
6,2
6,29
0,3
5,0
1,0
3,0
1,0
1,0
0,0
4,0
3,0
1,0
0,1
0,2
0,1
11,0
1,0
1,0
0,13
0,0
2,0
1,0
2,0
30,0
2,0
1,0
0,0
0,0
0,25
0,4
1,0
0,0
6,0
28,0
4,0
1,0
1,29
62,0
2,0
1,0
27,0
1,0
0,1
0,0
0,0
1,0
1,0
17,0
1,0
1,0
0,0
0,1
1,0
10,9
1,0
16,2
0,5
2,0
2,0
1,0
6,0
3,0
2,0
0,0
1,0
0,1
1,0
1,0
0,0
0,0
1,0
1,0
1,0
2,0
0,1
4,9
242,0
6,0
1,0
1,0
0,2
1,0
1,0
1,0
2,0
3,0
0,34
1,0
3,0
4,0
24,5
4,2
5,0
0,1
1,0
1,0
3,0
10,0
1,0
1,0
2,0
1,0
1,0
14,0
3,0
4,4
2,0
2,0
2,176
0,141
1,0
11,0
2,0
0,0
1,0
1,0
0,1
0,0
49,0
2,0
1,0
1,0
1,0
12,0
3,0
7,0
4,0
1,0
1,0
0,0
1,0
0,4
1,0
1,0
2,0
0,1
1,0
2,0
1,0
0,16
2,0
1,0
0,0
0,6
2,0
1,0
0,0
1,0
1,0
0,0
1,0
0,0
3,0
3,0
5,0
2,0
3,51
1,1
7,0
2,0
1,0
1,0
1,0
1,0
1,0
2,0
1,0
0,9
0,0
1,0
1,0
0,6
10,0
1,0
2,0
1,3
0,0
3,0
4,0
1,15
36,0
0,1
32,0
1,0
52,4
1,0
1,0
0,0
1,0
0,1
4,0
0,9
0,0
1,0
2,0
4,56
2,0
1,0
3,0
1,0
1,0
1,0
2,0
1,0
3,0
1,30
1,0
13,62
0,0
10,0
7,0
0,0
3,0
1,0
23,4
11,0
61,0
1,0
1,0
1,0
0,8
0,18
0,2
1,0
1,0
0,1
1,0
0,8
12,0
1,46
0,3
0,3
1,0
3,0
0,0
0,42
2,0
1,0
1,0
2,0
0,0
1,0
0,0
1,0
3,0
1,0
5,0
2,0
1,0
4,0
1,2
1,0
7,0
1,0
3,0
3,2
0,11
1,0
1,0
3,0
3,0
0,13
1,0
1,0
1,0
0,3
3,0
1,0
1,0
1,0
1,0
4,0
2,0
63,2
1,0
2,0
0,14
1,0
2,0
2,0
1,0
5,0
3,0
0,79
3,0
0,3
1,0
1,0
0,6
1,0
22,0
1,0
0,0
21,4
1,0
51,22
4,0
1,0
0,0
2,2
1,0
4,0
1,0
0,3
1,0
2,0
5,0
1,0
0,0
1,0
0,0
1,0
0,0
1,0
0,19
4,0
0,2
2,0
5,0
3,0
0,5
2,19
1,0
2,0
0,0
0,24
1,0
3,0
2,0
1,0
6,0
6,0
1,0
4,1
2,0
5,0
0,7
3,0
0,2
1,0
0,14
3,0
7,0
4,0
0,1
0,13
1,0
0,8
0,15
1,0
0,0
0,2
1,0
2,0
2,0
28,0
0,4
2,0
0,0
7,0
1,0
0,1
116,14
1,0
0,9
1,0
2,0
1,0
2,0
0,0
5,0
0,1
3,0
3,0
0,3
1,0
1,0
1,0
6,0
1,0
19,3
6,0
2,0
1,0
1,0
2,0
2,0
1,0
4,0
1,0
7,0
1,43
1,0
0,0
2,12
1,0
41,0
2,0
1,0
1,0
1,0
1,0
0,0
1,0
1,0
13,0
1,0
2,0
0,3
1,0
0,33
1,0
0,0
0,1
1,88
0,103
3,0
0,4
7,0
0,30
0,42
0,0
3,0
1,0
3,0
5,0
0,16
1,0
0,12
1,0
2,0
3,0
0,4
8,4
49,0
4,0
1,0
1,0
1,0
0,2
0,3
0,0
2,0
3,0
4,0
0,0
1,0
10,0
2,78
44,0
20,0
1,0
0,0
0,0
1,0
1,0
0,1
2,0
0,0
4,0
0,5
3,4
3,2
0,0
1,0
1,0
2,5
0,7
6,1
0,4
0,0
5,0
1,0
1,0
5,0
1,0
1,0
2,0
1,0
2,0
1,26
0,7
1,0
1,0
8,0
1,0
0,10
1,0
2,0
2,0
3,0
2,0
34,0
2,11
0,2
8,0
1,0
1,0
0,35
2,0
0,5
1,0
1,0
2,0
2,0
1,0
5,0
1,0
1,0
1,0
1,0
0,10
3,0
1,0
0,0
1,0
1,69
183,4
0,2
5,0
2,0
1,0
1,0
3,0
1,1
0,0
1,0
1,0
0,0
28,0
0,16
1,0
18,0
1,0
24,0
0,2
0,0
1,0
4,0
1,0
0,1
0,105
2,0
0,22
0,0
1,0
1,0
0,2
1,0
2,0
1,0
2,0
0,0
0,5
0,4
14,0
0,3
0,22
34,0
1,0
2,0
1,0
1,0
1,0
7,0
2,0
1,33
7,0
0,0
1,0
5,28
23,0
0,31
0,0
1,0
16,0
0,1
1,0
1,0
2,0
1,0
1,0
0,0
0,7
1,0
1,0
1,0
2,145
1,0
0,0
0,2
0,0
0,78
26,0
3,40
1,0
1,0
0,0
2,0
0,0
1,0
0,1
3,0
0,1
0,0
0,0
1,0
0,0
0,2
2,0
8,0
1,0
1,0
4,0
1,0
2,3
0,30
3,2
4,6
20,0
1,0
0,0
0,11
1,0
1,0
0,2
0,2
2,0
1,0
9,0
0,7
3,2
5,14
0,2
0,1
1,0
0,12
4,0
1,0
1,0
1,0
1,0
1,0
5,0
0,6
0,0
1,0
18,0
0,1
2,0
6,2
0,14
1,0
1,0
0,14
1,0
0,8
1,0
0,2
8,0
3,0
2,0
0,9
2,0
0,2
1,0
7,0
0,1
3,0
8,0
6,0
0,0
0,0
4,0
5,0
1,0
1,0
2,0
1,0
2,0
9,0
3,13
4,0
1,0
4,0
0,10
6,0
1,0
0,13
1,0
1,0
10,1
1,0
10,0
10,19
2,0
1,3
0,10
3,0
1,0
64,50
1,0
2,0
3,0
0,9
0,4
0,13
1,0
0,17
0,0
3,0
0,15
15,0
1,0
74,0
1,0
3,0
1,0
1,2
1,0
2,0
0,123
66,0
0,1
0,15
3,0
0,0
0,1
0,0
1,12
0,56
1,0
5,0
0,0
2,0
0,5
1,0
3,0
0,10
0,12
36,98
3,0
1,0
0,1
24,0
1,0
0,24
0,0
1,0
0,12
3,0
0,4
0,0
4,0
0,1
1,0
5,0
81,0
1,0
3,0
3,70
2,0
1,0
1,0
4,0
7,0
7,0
1,0
249,0
2,0
1,0
1,0
1,0
1,0
1,0
1,0
1,129
0,0
5,0
10,0
1,0
3,9
0,8
0,0
1,0
16,0
0,1
1,0
260,14
1,0
1,0
1,2
1,0
1,0
1,0
2,0
1,0
1,0
2,0
0,18
2,0
2,0
2,44
0,1
0,0
2,0
2,0
3,0
2,0
25,80
0,6
3,0
2,0
0,6
1,0
2,0
1,0
1,1
1,0
1,0
0,11
0,0
8,0
7,20
2,0
1,0
0,3
6,0
4,0
0,103
5,33
0,27
32,0
1,0
0,0
0,0
0,50
1,0
1,0
0,2
0,16
1,0
2,0
23,0
0,8
1,0
9,0
2,0
8,5
0,1
4,0
1,0
1,0
1,0
2,0
1,0
1,0
7,0
3,14
2,0
1,0
0,9
1,0
1,0
22,110
0,3
1,0
0,9
1,0
3,0
6,0
0,0
0,16
2,0
11,0
0,37
0,0
5,0
0,0
1,0
0,0
4,0
25,0
11,0
3,0
1,0
4,0
1,0
2,0
0,25
0,0
6,0
8,20
0,3
7,0
3,0
1,0
4,0
5,0
1,0
1,0
3,0
0,0
0,9
1,36
0,15
1,0
1,0
2,0
0,0
9,0
4,0
1,0
2,17
0,0
0,0
2,0
1,48
1,0
1,0
4,0
1,0
2,4
1,0
1,0
2,0
1,0
0,1
1,0
12,0
0,0
0,4
0,36
0,0
0,0
0,2
2,0
7,0
3,0
0,5
1,0
1,0
6,0
1,45
4,0
1,0
1,0
1,0
1,0
0,3
0,3
5,0
2,0
2,0
1,0
1,0
2,0
1,0
8,0
0,1
1,0
1,5
3,0
13,38
0,57
0,0
1,0
0,19
0,0
4,0
1,0
1,0
0,2
6,4
0,81
1,0
3,0
0,3
0,2
1,0
3,0
0,0
1,0
0,104
6,0
1,0
1,0
1,0
8,13
1,0
0,0
2,0
1,0
0,6
1,0
3,0
3,0
0,15
6,0
2,0
1,0
6,0
0,28
1,0
7,0
2,0
0,0
0,0
0,0
0,1
2,0
1,0
2,0
3,0
2,0
0,7
0,0
0,0
1,0
0,0
0,12
3,0
0,0
0,7
0,22
13,0
3,0
0,0
0,3
3,0
3,0
2,0
1,0
1,0
1,0
0,0
1,0
4,0
2,0
1,0
0,11
1,0
2,0
2,0
2,0
3,0
0,0
0,6
3,0
14,0
0,0
0,131
0,9
0,8
0,3
0,73
1,0
1,0
5,0
6,0
1,0
1,0
0,27
45,8
0,3
2,0
1,0
0,21
17,0
13,21
9,0
0,5
0,0
2,0
0,8
1,0
0,0
3,0
5,0
121,10
1,0
1,0
0,12
1,0
1,0
0,1
0,0
0,4
0,1
1,0
1,0
1,0
5,0
1,0
0,3
6,9
5,0
1,0
1,0
4,1
2,0
1,0
0,0
2,0
0,0
5,0
4,0
0,26
3,0
2,0
4,0
1,0
1,0
2,0
1,0
0,0
0,3
11,0
1,74
4,0
1,0
1,4
2,0
8,0
1,0
1,0
1,7
1,0
1,1
0,5
0,7
15,0
0,0
0,32
3,0
4,0
5,32
1,0
1,0
2,0
1,0
1,76
47,0
0,2
0,21
2,0
2,0
0,0
1,0
1,0
0,0
10,21
1,0
0,176
1,0
4,0
1,0
0,80
1,0
9,0
0,1
0,21
19,0
126,0
2,0
7,0
0,0
3,0
11,0
3,0
2,0
3,0
1,0
3,0
0,0
2,0
1,0
2,0
0,1
10,0
11,0
1,0
17,0
2,0
1,0
61,0
5,0
0,13
1,0
5,0
27,113
0,24
2,0
0,0
74,17
4,0
0,3
0,0
1,0
2,0
1,0
4,0
1,0
1,0
1,0
3,0
1,0
0,1
0,10
69,0
0,3
1,0
0,0
1,0
1,0
10,0
0,0
2,0
0,194
0,1
3,0
0,3
2,0
0,33
1,0
5,0
0,1
1,0
0,2
1,0
76,0
5,1
1,0
0,2
1,0
1,0
0,16
15,0
0,19
0,0
0,3
0,2
0,0
1,0
4,0
1,0
1,0
1,0
3,0
1,0
1,0
3,0
0,3
2,0
0,5
2,0
1,0
1,0
0,0
0,5
1,0
1,0
1,0
1,0
14,0
0,64
14,0
1,0
0,0
1,0
1,0
0,0
0,25
6,117
9,0
14,0
3,4
0,0
4,0
4,0
0,8
1,0
0,2
0,1
2,0
0,1
1,0
0,11
4,51
1,4
1,0
1,0
3,0
4,0
0,0
1,0
0,2
2,0
1,3
2,0
0,2
1,0
1,0
1,0
0,1
0,2
4,0
2,2
3,0
1,0
2,0
0,0
4,0
0,0
0,63
3,0
3,0
0,2
0,1
7,0
4,0
1,0
6,0
1,0
0,197
3,0
1,0
0,7
0,8
10,0
0,0
0,0
1,0
1,0
1,0
2,0
1,0
0,33
1,0
1,0
0,8
21,26
3,0
2,23
0,2
2,0
1,0
0,10
0,194
2,4
7,0
2,0
1,0
1,0
2,0
208,0
0,1
3,0
1,0
0,41
1,1
1,0
15,0
1,0
0,2
8,0
10,0
55,3
54,0
0,1
2,0
3,0
0,31
5,0
3,0
1,0
2,0
0,16
0,21
3,0
0,2
1,0
1,0
1,0
0,10
1,0
7,0
4,0
0,0
0,28
10,31
1,0
0,5
3,0
0,0
29,6
27,0
16,0
1,5
3,0
3,0
2,0
1,0
1,0
5,0
0,0
0,15
1,0
31,35
0,1
2,0
1,0
3,0
5,0
3,0
1,67
1,0
0,6
0,0
1,0
1,0
0,1
0,3
0,65
1,0
2,0
2,0
2,0
2,0
0,1
0,0
0,3
0,0
1,0
0,1
0,4
1,0
7,0
0,0
0,14
1,1
1,0
1,0
0,30
1,0
21,0
7,0
1,0
64,0
22,0
47,0
49,0
13,0
1,0
1,0
4,0
2,0
53,0
8,0
1,0
0,0
6,0
1,0
1,0
5,0
2,0
0,0
2,0
1,0
1,0
53,41
1,0
0,0
142,2
0,22
0,10
0,2
1,0
3,0
4,0
7,0
10,0
0,0
15,0
0,6
1,0
2,0
2,0
1,0
1,0
14,24
1,0
2,0
4,10
0,16
1,0
1,0
1,0
0,1
4,0
4,4
1,21
2,0
1,0
0,9
0,1
0,4
1,0
0,0
2,0
2,0
1,0
1,0
8,0
0,1
1,0
1,0
0,0
1,0
1,0
6,0
1,0
0,3
2,0
54,0
1,0
2,0
22,0
0,13
0,0
0,0
0,12
24,0
81,0
2,0
0,0
0,2
1,0
1,0
0,3
7,0
2,4
0,3
1,0
1,0
0,1
1,0
0,0
1,0
1,0
3,0
1,0
2,0
2,0
2,0
0,1
235,2
1,0
0,22
6,36
4,24
1,0
3,0
0,202
3,0
1,0
2,0
2,0
2,0
1,28
0,3
0,1
0,23
1,0
10,0
1,0
0,9
0,6
1,0
0,7
1,0
1,0
0,0
1,0
22,11
24,0
4,0
1,0
0,29
5,0
1,0
0,4
2,0
32,0
74,2
3,0
2,0
221,0
2,0
0,0
0,0
2,0
6,134
2,0
0,3
0,5
1,0
8,0
0,12
1,0
12,11
3,0
1,0
11,0
18,4
1,0
1,0
1,0
0,46
25,0
1,0
1,0
1,0
1,0
0,11
55,0
6,0
1,0
1,0
2,0
1,0
0,0
1,0
2,0
1,0
1,0
1,0
21,1
0,35
0,2
1,0
1,0
0,0
3,0
4,0
81,0
2,0
8,0
35,0
0,2
2,0
3,0
0,8
2,0
1,0
0,35
6,0
1,22
0,4
1,0
4,0
0,5
0,2
1,0
2,0
1,0
1,0
0,5
0,0
0,0
0,0
1,0
0,7
0,33
0,17
0,8
0,0
0,0
1,0
0,0
1,0
1,0
1,0
4,0
2,0
1,0
39,0
4,0
4,0
2,0
0,0
6,0
2,0
1,0
0,12
1,0
1,0
0,16
2,0
0,4
0,1
1,0
1,0
53,0
4,0
1,0
14,0
1,0
1,28
34,0
0,0
1,0
1,0
0,27
12,0
1,0
0,13
6,0
2,0
0,0
0,28
5,0
0,0
0,3
1,0
2,0
6,1
1,0
2,0
6,0
2,0
1,0
1,0
8,0
0,2
4,0
9,0
23,54
2,0
2,0
2,0
4,0
0,4
1,1
2,0
0,1
0,150
1,0
0,0
3,0
0,1
1,0
1,0
1,0
0,1
1,0
15,0
4,20
3,0
1,0
1,0
0,2
0,12
1,0
4,0
9,0
7,0
0,4
3,102
2,0
2,0
0,8
0,2
0,0
1,0
13,0
2,2
0,4
0,18
1,0
0,5
10,15
2,1
0,2
1,0
0,1
19,0
0,7
1,0
5,0
0,72
5,0
1,0
8,0
21,0
1,0
2,0
1,0
2,0
1,0
2,0
0,2
2,0
2,0
0,7
2,0
34,0
2,0
2,0
0,4
0,7
0,25
0,0
0,4
1,0
4,0
1,0
1,0
0,132
26,0
3,0
10,0
9,0
0,3
0,0
0,0
2,0
2,0
0,1
1,0
0,14
3,0
6,0
2,0
1,0
6,0
1,0
1,0
0,1
32,22
0,0
0,3
1,0
4,10
1,0
1,0
2,0
5,0
0,85
7,0
0,13
1,0
0,9
1,0
16,0
42,0
24,0
1,0
0,2
1,0
0,35
1,0
1,0
1,0
3,0
0,0
3,0
1,4
2,0
0,2
0,1
7,0
9,3
1,0
2,0
2,0
2,0
0,14
2,0
2,0
1,0
1,0
3,14
3,0
1,0
5,0
2,0
1,0
2,0
0,1
5,0
14,5
0,20
9,0
0,1
2,0
1,0
2,0
6,0
0,0
1,8
8,46
0,49
1,0
3,0
20,0
1,6
3,0
10,0
0,0
0,4
0,1
3,0
4,0
0,0
3,0
2,0
1,0
8,0
1,0
2,0
0,0
15,0
0,10
0,3
3,0
14,0
0,0
2,0
1,0
1,0
0,1
1,0
1,0
14,0
0,1
4,0
0,12
10,0
0,10
1,0
1,0
0,0
0,0
0,6
1,7
0,9
1,0
0,0
1,14
3,4
0,0
1,1
1,0
1,0
4,0
0,2
0,17
4,0
1,0
1,0
1,0
1,20
